experiment,seed,epoch,train_loss,val_loss,train_accuracy,val_accuracy
gen_es_valloss,7,1,0.6800059676170349,0.6581971049308777,0.6155920028686523,0.7335835099220276
gen_es_valloss,7,2,0.5841972827911377,0.5766310095787048,0.7885111570358276,0.7495309710502625
gen_es_valloss,7,3,0.4562171697616577,0.5265828967094421,0.8547479510307312,0.7523452043533325
gen_es_valloss,7,4,0.365319162607193,0.5062776803970337,0.8875732421875,0.7570356726646423
gen_es_valloss,7,5,0.3017364740371704,0.5018102526664734,0.909847617149353,0.7598499059677124
gen_es_valloss,7,6,0.25404950976371765,0.506666898727417,0.9282532334327698,0.7551594972610474
gen_es_valloss,7,7,0.21638403832912445,0.5177426338195801,0.9405627250671387,0.7495309710502625
gen_es_valloss,7,8,0.1856028139591217,0.533458411693573,0.9519343376159668,0.7457786202430725
gen_es_valloss,7,9,0.15987049043178558,0.5528062582015991,0.9596717357635498,0.7392120361328125
gen_es_valloss,7,10,0.13802722096443176,0.5750850439071655,0.9688159227371216,0.7392120361328125
gen_es_valloss,21,1,0.6805346608161926,0.6588778495788574,0.6373974084854126,0.709193229675293
gen_es_valloss,21,2,0.5876935124397278,0.5807918906211853,0.8071512579917908,0.7317073345184326
gen_es_valloss,21,3,0.46176451444625854,0.530205249786377,0.8566237092018127,0.7457786202430725
gen_es_valloss,21,4,0.3689380884170532,0.5092509388923645,0.8852286338806152,0.7439024448394775
gen_es_valloss,21,5,0.3041333854198456,0.5042731165885925,0.9075029492378235,0.7560975551605225
gen_es_valloss,21,6,0.2555359899997711,0.5086983442306519,0.9236811399459839,0.7551594972610474
gen_es_valloss,21,7,0.21730992197990417,0.5195042490959167,0.9397420883178711,0.7532833218574524
gen_es_valloss,21,8,0.18613971769809723,0.5349642634391785,0.9512309432029724,0.7523452043533325
gen_es_valloss,21,9,0.1601371467113495,0.5540990233421326,0.9588510990142822,0.7476547956466675
gen_es_valloss,21,10,0.13813067972660065,0.5760778188705444,0.9667057394981384,0.7448405027389526
gen_es_valloss,42,1,0.6790541410446167,0.6545187830924988,0.6429073810577393,0.7307692170143127
gen_es_valloss,42,2,0.5775232315063477,0.5720918774604797,0.8086752891540527,0.7551594972610474
gen_es_valloss,42,3,0.4492242932319641,0.5241280794143677,0.8588511347770691,0.7626641392707825
gen_es_valloss,42,4,0.3594515025615692,0.5048245787620544,0.8880422115325928,0.7579737305641174
gen_es_valloss,42,5,0.2968853712081909,0.5008191466331482,0.9104337692260742,0.7551594972610474
gen_es_valloss,42,6,0.25004661083221436,0.5057569146156311,0.925791323184967,0.7523452043533325
gen_es_valloss,42,7,0.21310652792453766,0.5165899991989136,0.9410316348075867,0.7514071464538574
gen_es_valloss,42,8,0.1829565167427063,0.5316329002380371,0.9516999125480652,0.7495309710502625
gen_es_valloss,42,9,0.15778252482414246,0.5499874949455261,0.9614302515983582,0.7476547956466675
gen_es_valloss,42,10,0.13642917573451996,0.571043848991394,0.9702227711677551,0.7448405027389526
gen_es_valloss,84,1,0.676677942276001,0.6522669792175293,0.612895667552948,0.7448405027389526
gen_es_valloss,84,2,0.5773635506629944,0.5732014179229736,0.8052754998207092,0.7420262694358826
gen_es_valloss,84,3,0.4518197774887085,0.5246018171310425,0.8599061965942383,0.7457786202430725
gen_es_valloss,84,4,0.36126837134361267,0.5046557188034058,0.8889800906181335,0.7448405027389526
gen_es_valloss,84,5,0.2979127764701843,0.5002306699752808,0.9126611948013306,0.7523452043533325
gen_es_valloss,84,6,0.25050050020217896,0.504936933517456,0.927784264087677,0.7514071464538574
gen_es_valloss,84,7,0.21310749650001526,0.5156325101852417,0.9410316348075867,0.7504690289497375
gen_es_valloss,84,8,0.1826043426990509,0.5305799841880798,0.9526377320289612,0.7457786202430725
gen_es_valloss,84,9,0.15716657042503357,0.5487443804740906,0.9620164036750793,0.7448405027389526
gen_es_valloss,84,10,0.13565410673618317,0.5696321725845337,0.9703399538993835,0.7457786202430725
gen_es_valloss,126,1,0.6807821393013,0.6597943305969238,0.6218053698539734,0.6763602495193481
gen_es_valloss,126,2,0.5854558348655701,0.5776342153549194,0.8023446798324585,0.7345215678215027
gen_es_valloss,126,3,0.4549095332622528,0.5264083743095398,0.861312985420227,0.7401500940322876
gen_es_valloss,126,4,0.3616786599159241,0.5060608983039856,0.8893317580223083,0.7495309710502625
gen_es_valloss,126,5,0.29704684019088745,0.5023593306541443,0.9112544059753418,0.7560975551605225
gen_es_valloss,126,6,0.24894733726978302,0.5083767771720886,0.927315354347229,0.7570356726646423
gen_es_valloss,126,7,0.21123355627059937,0.5207914710044861,0.9413833618164062,0.7570356726646423
gen_es_valloss,126,8,0.18058891594409943,0.5378503799438477,0.95205157995224,0.7532833218574524
gen_es_valloss,126,9,0.15510113537311554,0.5585314631462097,0.9628370404243469,0.7457786202430725
gen_es_valloss,126,10,0.13355492055416107,0.582249641418457,0.9719812273979187,0.7420262694358826
gen_es_valloss,168,1,0.6788304448127747,0.6572931408882141,0.6236811280250549,0.6876172423362732
gen_es_valloss,168,2,0.5868772268295288,0.5812328457832336,0.8075029253959656,0.7514071464538574
gen_es_valloss,168,3,0.4660783112049103,0.5295761227607727,0.8588511347770691,0.7570356726646423
gen_es_valloss,168,4,0.3744824230670929,0.5062521696090698,0.8875732421875,0.7598499059677124
gen_es_valloss,168,5,0.3089594542980194,0.4994446039199829,0.9072684645652771,0.7589118480682373
gen_es_valloss,168,6,0.2598758637905121,0.5026329159736633,0.9248534440994263,0.7542213797569275
gen_es_valloss,168,7,0.22081413865089417,0.5124415159225464,0.9393903613090515,0.7579737305641174
gen_es_valloss,168,8,0.18897351622581482,0.527083694934845,0.9497069120407104,0.7570356726646423
gen_es_valloss,168,9,0.16237232089042664,0.5454404354095459,0.9607268571853638,0.7523452043533325
gen_es_valloss,168,10,0.13989295065402985,0.5668591856956482,0.969519317150116,0.7457786202430725
gen_es_valloss,210,1,0.678321361541748,0.655487060546875,0.6229777336120605,0.6979362368583679
gen_es_valloss,210,2,0.5827947854995728,0.5775742530822754,0.8037514686584473,0.7476547956466675
gen_es_valloss,210,3,0.4580572843551636,0.528422474861145,0.8572098612785339,0.7617260813713074
gen_es_valloss,210,4,0.36766085028648376,0.5077682137489319,0.8867526650428772,0.7607879638671875
gen_es_valloss,210,5,0.3042740225791931,0.5025599002838135,0.909847617149353,0.7589118480682373
gen_es_valloss,210,6,0.25682950019836426,0.5065692067146301,0.925322413444519,0.7570356726646423
gen_es_valloss,210,7,0.2192130982875824,0.5165470838546753,0.9388042092323303,0.7495309710502625
gen_es_valloss,210,8,0.18838511407375336,0.5309849977493286,0.951582670211792,0.7485928535461426
gen_es_valloss,210,9,0.16253545880317688,0.5488757491111755,0.9621336460113525,0.7476547956466675
gen_es_valloss,210,10,0.14051930606365204,0.5698085427284241,0.9691676497459412,0.7467166781425476
gen_es_valloss,252,1,0.6787450313568115,0.6590175032615662,0.6337631940841675,0.6932457685470581
gen_es_valloss,252,2,0.5889809131622314,0.5868996381759644,0.804689347743988,0.7288930416107178
gen_es_valloss,252,3,0.46606263518333435,0.5333905816078186,0.8547479510307312,0.7542213797569275
gen_es_valloss,252,4,0.37339287996292114,0.5091632008552551,0.8856975436210632,0.7589118480682373
gen_es_valloss,252,5,0.30768269300460815,0.502314567565918,0.9077373743057251,0.7598499059677124
gen_es_valloss,252,6,0.2588272988796234,0.5055142641067505,0.9255568385124207,0.7598499059677124
gen_es_valloss,252,7,0.22045612335205078,0.5152899622917175,0.9379835724830627,0.7542213797569275
gen_es_valloss,252,8,0.1892153024673462,0.5297970771789551,0.9506447911262512,0.7476547956466675
gen_es_valloss,252,9,0.16316041350364685,0.5478145480155945,0.9595544934272766,0.7504690289497375
gen_es_valloss,252,10,0.14105577766895294,0.5687113404273987,0.9688159227371216,0.7514071464538574
gen_es_valloss,314,1,0.67842036485672,0.6557551622390747,0.6351699829101562,0.7035647034645081
gen_es_valloss,314,2,0.5812833905220032,0.5770737528800964,0.8064478039741516,0.7467166781425476
gen_es_valloss,314,3,0.45608726143836975,0.5274086594581604,0.8595545291900635,0.7636022567749023
gen_es_valloss,314,4,0.3660305440425873,0.5065823793411255,0.8885111212730408,0.7607879638671875
gen_es_valloss,314,5,0.3015326261520386,0.5019611120223999,0.9093786478042603,0.7589118480682373
gen_es_valloss,314,6,0.25259795784950256,0.507293164730072,0.9266119599342346,0.7542213797569275
gen_es_valloss,314,7,0.21394819021224976,0.5193690061569214,0.9412661194801331,0.7485928535461426
gen_es_valloss,314,8,0.18254885077476501,0.5362297892570496,0.9521688222885132,0.7485928535461426
gen_es_valloss,314,9,0.15647007524967194,0.5567962527275085,0.9631887674331665,0.7467166781425476
gen_es_valloss,314,10,0.134461909532547,0.5803489685058594,0.9696365594863892,0.7495309710502625
gen_es_valloss,420,1,0.6781201958656311,0.6573595404624939,0.6257913112640381,0.605065643787384
gen_es_valloss,420,2,0.5780097246170044,0.5738674998283386,0.7936694025993347,0.7363977432250977
gen_es_valloss,420,3,0.44843998551368713,0.5237769484519958,0.860375165939331,0.7626641392707825
gen_es_valloss,420,4,0.3571324944496155,0.5042749047279358,0.8912075161933899,0.7617260813713074
gen_es_valloss,420,5,0.29345428943634033,0.5012837648391724,0.9112544059753418,0.7570356726646423
gen_es_valloss,420,6,0.2460440844297409,0.5079043507575989,0.9281359910964966,0.7523452043533325
gen_es_valloss,420,7,0.20888042449951172,0.5205289125442505,0.9409143924713135,0.7495309710502625
gen_es_valloss,420,8,0.17865581810474396,0.537315845489502,0.953575611114502,0.7504690289497375
gen_es_valloss,420,9,0.1534685641527176,0.5573901534080505,0.9630715250968933,0.7439024448394775
gen_es_valloss,420,10,0.13215969502925873,0.5799806118011475,0.9706916809082031,0.7420262694358826
gen2_dropout02_valloss,7,1,0.6837989687919617,0.6686610579490662,0.6025791168212891,0.7298311591148376
gen2_dropout02_valloss,7,2,0.6141327619552612,0.6005927920341492,0.7562719583511353,0.7467166781425476
gen2_dropout02_valloss,7,3,0.5006825923919678,0.5427225828170776,0.8260257840156555,0.7560975551605225
gen2_dropout02_valloss,7,4,0.40656882524490356,0.5138924717903137,0.8621336221694946,0.7542213797569275
gen2_dropout02_valloss,7,5,0.3374076187610626,0.5026484727859497,0.8883938789367676,0.7617260813713074
gen2_dropout02_valloss,7,6,0.28635552525520325,0.5021224617958069,0.9112544059753418,0.7598499059677124
gen2_dropout02_valloss,7,7,0.24571019411087036,0.5063637495040894,0.9239155650138855,0.7570356726646423
gen2_dropout02_valloss,7,8,0.2125871777534485,0.5164749026298523,0.9386869668960571,0.7485928535461426
gen2_dropout02_valloss,7,9,0.1838458776473999,0.5309534668922424,0.9506447911262512,0.7495309710502625
gen2_dropout02_valloss,7,10,0.16005565226078033,0.5482128858566284,0.9566236734390259,0.7457786202430725
gen2_dropout02_valloss,7,11,0.1402381807565689,0.5653764009475708,0.9640094041824341,0.7429643273353577
gen2_dropout02_valloss,21,1,0.6819808483123779,0.6650234460830688,0.6329425573348999,0.696998119354248
gen2_dropout02_valloss,21,2,0.6082859039306641,0.5993310809135437,0.7776084542274475,0.7326453924179077
gen2_dropout02_valloss,21,3,0.49726951122283936,0.5436422824859619,0.8320046663284302,0.7457786202430725
gen2_dropout02_valloss,21,4,0.40481939911842346,0.5156954526901245,0.8671746850013733,0.7429643273353577
gen2_dropout02_valloss,21,5,0.3375107944011688,0.505433201789856,0.8923798203468323,0.7476547956466675
gen2_dropout02_valloss,21,6,0.287408709526062,0.5059598684310913,0.9076201915740967,0.7560975551605225
gen2_dropout02_valloss,21,7,0.24636897444725037,0.5078059434890747,0.9243845343589783,0.7551594972610474
gen2_dropout02_valloss,21,8,0.2144332379102707,0.5181636214256287,0.9372801780700684,0.7551594972610474
gen2_dropout02_valloss,21,9,0.18604426085948944,0.5332845449447632,0.9480656385421753,0.7514071464538574
gen2_dropout02_valloss,21,10,0.16275613009929657,0.5523903965950012,0.9569754004478455,0.7476547956466675
gen2_dropout02_valloss,42,1,0.6810373067855835,0.6626303791999817,0.6348183155059814,0.7204502820968628
gen2_dropout02_valloss,42,2,0.6022555828094482,0.5930442810058594,0.7847597002983093,0.7317073345184326
gen2_dropout02_valloss,42,3,0.48824918270111084,0.5387331247329712,0.8349355459213257,0.7598499059677124
gen2_dropout02_valloss,42,4,0.39851248264312744,0.5119253993034363,0.8651816844940186,0.7617260813713074
gen2_dropout02_valloss,42,5,0.3317036032676697,0.5010223388671875,0.8919109106063843,0.7607879638671875
gen2_dropout02_valloss,42,6,0.28396302461624146,0.5000455379486084,0.9096131324768066,0.7617260813713074
gen2_dropout02_valloss,42,7,0.24508985877037048,0.505474865436554,0.9243845343589783,0.7523452043533325
gen2_dropout02_valloss,42,8,0.2097795009613037,0.5167555809020996,0.9402109980583191,0.7532833218574524
gen2_dropout02_valloss,42,9,0.18231508135795593,0.529408872127533,0.9507620334625244,0.7514071464538574
gen2_dropout02_valloss,42,10,0.15810143947601318,0.5459818840026855,0.9594372510910034,0.7504690289497375
gen2_dropout02_valloss,42,11,0.13869480788707733,0.5651196837425232,0.9662368297576904,0.7495309710502625
gen2_dropout02_valloss,84,1,0.6830068826675415,0.6663157343864441,0.5991793870925903,0.7476547956466675
gen2_dropout02_valloss,84,2,0.6071141362190247,0.593697190284729,0.772684633731842,0.7476547956466675
gen2_dropout02_valloss,84,3,0.4912109971046448,0.5387401580810547,0.8336459398269653,0.7420262694358826
gen2_dropout02_valloss,84,4,0.39721551537513733,0.5117272138595581,0.8667057156562805,0.7504690289497375
gen2_dropout02_valloss,84,5,0.32986557483673096,0.5015983581542969,0.896365761756897,0.7542213797569275
gen2_dropout02_valloss,84,6,0.2815462052822113,0.5000278353691101,0.913833498954773,0.7551594972610474
gen2_dropout02_valloss,84,7,0.2413238137960434,0.5077601075172424,0.9254395961761475,0.7485928535461426
gen2_dropout02_valloss,84,8,0.20887674391269684,0.5194035172462463,0.9377491474151611,0.7504690289497375
gen2_dropout02_valloss,84,9,0.17988228797912598,0.5331711173057556,0.9506447911262512,0.7514071464538574
gen2_dropout02_valloss,84,10,0.15788108110427856,0.5499536395072937,0.9589683413505554,0.7504690289497375
gen2_dropout02_valloss,84,11,0.13766920566558838,0.5727123022079468,0.9651817083358765,0.7448405027389526
gen2_dropout02_valloss,126,1,0.6810635924339294,0.6616339683532715,0.6181711554527283,0.707317054271698
gen2_dropout02_valloss,126,2,0.5971792340278625,0.5894472599029541,0.7943727970123291,0.7354596853256226
gen2_dropout02_valloss,126,3,0.4837757349014282,0.5372492074966431,0.8385697603225708,0.7420262694358826
gen2_dropout02_valloss,126,4,0.3991856873035431,0.5114144682884216,0.8635404706001282,0.7523452043533325
gen2_dropout02_valloss,126,5,0.3291597366333008,0.5030273199081421,0.8923798203468323,0.7551594972610474
gen2_dropout02_valloss,126,6,0.2834177613258362,0.5023658871650696,0.9099648594856262,0.7532833218574524
gen2_dropout02_valloss,126,7,0.24282249808311462,0.5095125436782837,0.9256740808486938,0.7542213797569275
gen2_dropout02_valloss,126,8,0.21074368059635162,0.5198975801467896,0.9397420883178711,0.7532833218574524
gen2_dropout02_valloss,126,9,0.1819663792848587,0.5342658162117004,0.9493552446365356,0.7467166781425476
gen2_dropout02_valloss,126,10,0.15912723541259766,0.5506717562675476,0.9570926427841187,0.7467166781425476
gen2_dropout02_valloss,126,11,0.13797827064990997,0.5720866918563843,0.9663540720939636,0.7448405027389526
gen2_dropout02_valloss,168,1,0.6830362677574158,0.6667718887329102,0.6011723279953003,0.6641650795936584
gen2_dropout02_valloss,168,2,0.6103634238243103,0.6005430817604065,0.7738569974899292,0.7429643273353577
gen2_dropout02_valloss,168,3,0.503134548664093,0.5450908541679382,0.8321219086647034,0.7532833218574524
gen2_dropout02_valloss,168,4,0.4146215319633484,0.5144962072372437,0.8626025915145874,0.7542213797569275
gen2_dropout02_valloss,168,5,0.3474556505680084,0.5015795826911926,0.8865181803703308,0.7607879638671875
gen2_dropout02_valloss,168,6,0.2940857410430908,0.4996911585330963,0.9052755236625671,0.7514071464538574
gen2_dropout02_valloss,168,7,0.2508028447628021,0.5042368173599243,0.9221571087837219,0.7532833218574524
gen2_dropout02_valloss,168,8,0.21695108711719513,0.5133181810379028,0.937045693397522,0.7514071464538574
gen2_dropout02_valloss,168,9,0.19007976353168488,0.5266507267951965,0.945838212966919,0.7523452043533325
gen2_dropout02_valloss,168,10,0.164358988404274,0.542893648147583,0.9580304622650146,0.7495309710502625
gen2_dropout02_valloss,168,11,0.1420273631811142,0.5598849654197693,0.9631887674331665,0.7457786202430725
gen2_dropout02_valloss,210,1,0.6792246103286743,0.6600223779678345,0.6259085536003113,0.6876172423362732
gen2_dropout02_valloss,210,2,0.6001214981079102,0.593424379825592,0.780422031879425,0.7485928535461426
gen2_dropout02_valloss,210,3,0.4894978404045105,0.5405857563018799,0.8350527286529541,0.7579737305641174
gen2_dropout02_valloss,210,4,0.3998388350009918,0.5140772461891174,0.8699882626533508,0.7579737305641174
gen2_dropout02_valloss,210,5,0.3379906713962555,0.5040096044540405,0.8883938789367676,0.7579737305641174
gen2_dropout02_valloss,210,6,0.28698983788490295,0.5039006471633911,0.909847617149353,0.7542213797569275
gen2_dropout02_valloss,210,7,0.2494332641363144,0.5091665983200073,0.9232121706008911,0.7532833218574524
gen2_dropout02_valloss,210,8,0.2168419063091278,0.5179450511932373,0.933997631072998,0.7476547956466675
gen2_dropout02_valloss,210,9,0.18817134201526642,0.5314768552780151,0.9473622441291809,0.7457786202430725
gen2_dropout02_valloss,210,10,0.16423025727272034,0.5474507212638855,0.9552168846130371,0.7429643273353577
gen2_dropout02_valloss,210,11,0.1434319019317627,0.5679700374603271,0.9656506180763245,0.7439024448394775
gen2_dropout02_valloss,252,1,0.6808964610099792,0.6628779768943787,0.6304806470870972,0.6547842621803284
gen2_dropout02_valloss,252,2,0.6003586053848267,0.5938193202018738,0.7801875472068787,0.7279549837112427
gen2_dropout02_valloss,252,3,0.48545974493026733,0.5393513441085815,0.8363423347473145,0.7570356726646423
gen2_dropout02_valloss,252,4,0.3962128162384033,0.5131356120109558,0.8694021105766296,0.7636022567749023
gen2_dropout02_valloss,252,5,0.3308168649673462,0.5018327832221985,0.8919109106063843,0.7664164900779724
gen2_dropout02_valloss,252,6,0.28098493814468384,0.5034900903701782,0.9144197106361389,0.7645403146743774
gen2_dropout02_valloss,252,7,0.24101479351520538,0.5081458687782288,0.9246190190315247,0.7617260813713074
gen2_dropout02_valloss,252,8,0.21109329164028168,0.5176167488098145,0.9381008148193359,0.7570356726646423
gen2_dropout02_valloss,252,9,0.18258430063724518,0.5333979725837708,0.9483001232147217,0.7542213797569275
gen2_dropout02_valloss,252,10,0.1599324494600296,0.5502727031707764,0.9562720060348511,0.7485928535461426
gen2_dropout02_valloss,314,1,0.6802465915679932,0.6617507338523865,0.628370463848114,0.6829268336296082
gen2_dropout02_valloss,314,2,0.6022573113441467,0.594243049621582,0.7803047895431519,0.7429643273353577
gen2_dropout02_valloss,314,3,0.4917917847633362,0.5413932800292969,0.8369284868240356,0.7523452043533325
gen2_dropout02_valloss,314,4,0.4037049114704132,0.5144729018211365,0.8689332008361816,0.7607879638671875
gen2_dropout02_valloss,314,5,0.3374637961387634,0.502993106842041,0.8903868794441223,0.7598499059677124
gen2_dropout02_valloss,314,6,0.2882533669471741,0.5034847259521484,0.9105510115623474,0.7532833218574524
gen2_dropout02_valloss,314,7,0.24671371281147003,0.5086256861686707,0.9250879287719727,0.7542213797569275
gen2_dropout02_valloss,314,8,0.21420682966709137,0.5177728533744812,0.936107873916626,0.7495309710502625
gen2_dropout02_valloss,314,9,0.18631063401699066,0.5331335067749023,0.9473622441291809,0.7467166781425476
gen2_dropout02_valloss,314,10,0.16157394647598267,0.5520588755607605,0.9580304622650146,0.7457786202430725
gen2_dropout02_valloss,420,1,0.6802353262901306,0.6628742218017578,0.6232122182846069,0.6510319113731384
gen2_dropout02_valloss,420,2,0.5998108983039856,0.5935041904449463,0.7747948169708252,0.7279549837112427
gen2_dropout02_valloss,420,3,0.48510488867759705,0.5383009910583496,0.8348183035850525,0.7514071464538574
gen2_dropout02_valloss,420,4,0.3937774896621704,0.5103966593742371,0.8692848682403564,0.7673546075820923
gen2_dropout02_valloss,420,5,0.32784608006477356,0.5006058812141418,0.8932004570960999,0.7673546075820923
gen2_dropout02_valloss,420,6,0.2785462439060211,0.5016018748283386,0.912309467792511,0.7579737305641174
gen2_dropout02_valloss,420,7,0.23821936547756195,0.508621096611023,0.9259085655212402,0.7570356726646423
gen2_dropout02_valloss,420,8,0.20690806210041046,0.521934449672699,0.9390386939048767,0.7542213797569275
gen2_dropout02_valloss,420,9,0.17913779616355896,0.5365247130393982,0.9506447911262512,0.7495309710502625
gen2_dropout02_valloss,420,10,0.15508250892162323,0.5548475384712219,0.9596717357635498,0.7514071464538574
gen2_dropout01_valloss,7,1,0.6812672019004822,0.6608021855354309,0.6147713661193848,0.7401500940322876
gen2_dropout01_valloss,7,2,0.5937526226043701,0.5837952494621277,0.7786635160446167,0.7467166781425476
gen2_dropout01_valloss,7,3,0.47037410736083984,0.5316975712776184,0.8457210063934326,0.7504690289497375
gen2_dropout01_valloss,7,4,0.3794305622577667,0.5081906914710999,0.8805392980575562,0.7617260813713074
gen2_dropout01_valloss,7,5,0.31546884775161743,0.5013357996940613,0.9011723399162292,0.7654784321784973
gen2_dropout01_valloss,7,6,0.26610660552978516,0.5045598149299622,0.919577956199646,0.7589118480682373
gen2_dropout01_valloss,7,7,0.22705186903476715,0.5131128430366516,0.9349355101585388,0.7523452043533325
gen2_dropout01_valloss,7,8,0.19399496912956238,0.5270372033119202,0.9454865455627441,0.7439024448394775
gen2_dropout01_valloss,7,9,0.16787198185920715,0.5439736247062683,0.9560375213623047,0.7448405027389526
gen2_dropout01_valloss,7,10,0.14456070959568024,0.5649388432502747,0.9644783139228821,0.7401500940322876
gen2_dropout01_valloss,21,1,0.6802537441253662,0.6608319878578186,0.6447831392288208,0.696998119354248
gen2_dropout01_valloss,21,2,0.5956005454063416,0.5891281366348267,0.7995310425758362,0.7279549837112427
gen2_dropout01_valloss,21,3,0.4794275462627411,0.5375925898551941,0.8501758575439453,0.7448405027389526
gen2_dropout01_valloss,21,4,0.38896042108535767,0.51212477684021,0.8777256608009338,0.7429643273353577
gen2_dropout01_valloss,21,5,0.32369861006736755,0.5035708546638489,0.8964830040931702,0.7523452043533325
gen2_dropout01_valloss,21,6,0.27499228715896606,0.5062001347541809,0.9146541357040405,0.7551594972610474
gen2_dropout01_valloss,21,7,0.23485183715820312,0.5125827789306641,0.9308323860168457,0.7542213797569275
gen2_dropout01_valloss,21,8,0.20134830474853516,0.524893581867218,0.9441969394683838,0.7495309710502625
gen2_dropout01_valloss,21,9,0.17447206377983093,0.5418990850448608,0.9518170952796936,0.7485928535461426
gen2_dropout01_valloss,21,10,0.1511521190404892,0.5619426369667053,0.9583821892738342,0.7467166781425476
gen2_dropout01_valloss,42,1,0.6810175776481628,0.662456750869751,0.6352872252464294,0.7260788083076477
gen2_dropout01_valloss,42,2,0.5993800759315491,0.588741660118103,0.7937866449356079,0.7429643273353577
gen2_dropout01_valloss,42,3,0.47734132409095764,0.5344412326812744,0.8412660956382751,0.7617260813713074
gen2_dropout01_valloss,42,4,0.3842616081237793,0.5095022320747375,0.8744431138038635,0.7607879638671875
gen2_dropout01_valloss,42,5,0.3192903995513916,0.5013306736946106,0.8999999761581421,0.7579737305641174
gen2_dropout01_valloss,42,6,0.2702091336250305,0.5016745924949646,0.9153575897216797,0.7579737305641174
gen2_dropout01_valloss,42,7,0.2314857393503189,0.5102382898330688,0.9321219325065613,0.7532833218574524
gen2_dropout01_valloss,42,8,0.1979658454656601,0.523462176322937,0.9440796971321106,0.7514071464538574
gen2_dropout01_valloss,42,9,0.17010997235774994,0.5402572154998779,0.9536928534507751,0.7514071464538574
gen2_dropout01_valloss,42,10,0.14688314497470856,0.5592077374458313,0.9633059501647949,0.7439024448394775
gen2_dropout01_valloss,84,1,0.6817253828048706,0.6636199355125427,0.6017584800720215,0.7457786202430725
gen2_dropout01_valloss,84,2,0.6001990437507629,0.5879683494567871,0.7883939146995544,0.7420262694358826
gen2_dropout01_valloss,84,3,0.478449285030365,0.5331530570983887,0.8411489129066467,0.7439024448394775
gen2_dropout01_valloss,84,4,0.3828688859939575,0.5078401565551758,0.879835844039917,0.7532833218574524
gen2_dropout01_valloss,84,5,0.3147021532058716,0.5011460781097412,0.902579128742218,0.7504690289497375
gen2_dropout01_valloss,84,6,0.2660551965236664,0.5027533173561096,0.9172332882881165,0.7514071464538574
gen2_dropout01_valloss,84,7,0.22709369659423828,0.5123732089996338,0.9317702054977417,0.7504690289497375
gen2_dropout01_valloss,84,8,0.19455406069755554,0.5265758037567139,0.9434935450553894,0.7485928535461426
gen2_dropout01_valloss,84,9,0.16757838428020477,0.5425226092338562,0.9573270678520203,0.7467166781425476
gen2_dropout01_valloss,84,10,0.1444835066795349,0.5615462064743042,0.9635404348373413,0.7448405027389526
gen2_dropout01_valloss,126,1,0.6811779737472534,0.6620045900344849,0.6111371517181396,0.7260788083076477
gen2_dropout01_valloss,126,2,0.5933851599693298,0.5821442008018494,0.7970691919326782,0.7317073345184326
gen2_dropout01_valloss,126,3,0.46769633889198303,0.5297775864601135,0.8492379784584045,0.7448405027389526
gen2_dropout01_valloss,126,4,0.3765612840652466,0.5071316361427307,0.8774912357330322,0.7476547956466675
gen2_dropout01_valloss,126,5,0.3091028928756714,0.5014421939849854,0.9037514925003052,0.7514071464538574
gen2_dropout01_valloss,126,6,0.26248273253440857,0.504879891872406,0.9181711673736572,0.7551594972610474
gen2_dropout01_valloss,126,7,0.22458842396736145,0.5146087408065796,0.9318874478340149,0.7495309710502625
gen2_dropout01_valloss,126,8,0.19381028413772583,0.5288456678390503,0.9444314241409302,0.7523452043533325
gen2_dropout01_valloss,126,9,0.1660463809967041,0.5462934374809265,0.9542790055274963,0.7476547956466675
gen2_dropout01_valloss,126,10,0.14481407403945923,0.5655845403671265,0.9649472236633301,0.7439024448394775
gen2_dropout01_valloss,168,1,0.6817399859428406,0.6638336777687073,0.6106682419776917,0.6547842621803284
gen2_dropout01_valloss,168,2,0.6010786294937134,0.591185450553894,0.7864009141921997,0.7439024448394775
gen2_dropout01_valloss,168,3,0.4838045835494995,0.5354939103126526,0.8456037640571594,0.7579737305641174
gen2_dropout01_valloss,168,4,0.39125004410743713,0.5091785788536072,0.8757327198982239,0.7570356726646423
gen2_dropout01_valloss,168,5,0.32488036155700684,0.49984845519065857,0.8966002464294434,0.7589118480682373
gen2_dropout01_valloss,168,6,0.2734752297401428,0.5009179711341858,0.9157092571258545,0.7560975551605225
gen2_dropout01_valloss,168,7,0.2325739711523056,0.5083720088005066,0.9302461743354797,0.7532833218574524
gen2_dropout01_valloss,168,8,0.199981227517128,0.5207664966583252,0.9446659088134766,0.7542213797569275
gen2_dropout01_valloss,168,9,0.17407526075839996,0.535797119140625,0.952520489692688,0.7551594972610474
gen2_dropout01_valloss,168,10,0.14993081986904144,0.555168867111206,0.9628370404243469,0.7476547956466675
gen2_dropout01_valloss,210,1,0.6796925067901611,0.6601347327232361,0.6246190071105957,0.6810506582260132
gen2_dropout01_valloss,210,2,0.5960267186164856,0.587479293346405,0.7871043086051941,0.7476547956466675
gen2_dropout01_valloss,210,3,0.47607240080833435,0.5341393947601318,0.8471277952194214,0.7607879638671875
gen2_dropout01_valloss,210,4,0.3837478756904602,0.5103849172592163,0.877373993396759,0.7636022567749023
gen2_dropout01_valloss,210,5,0.3179590702056885,0.5029197931289673,0.9012895822525024,0.7617260813713074
gen2_dropout01_valloss,210,6,0.26955360174179077,0.5061022043228149,0.9171160459518433,0.7560975551605225
gen2_dropout01_valloss,210,7,0.23248323798179626,0.5143404603004456,0.9332942366600037,0.7523452043533325
gen2_dropout01_valloss,210,8,0.19961665570735931,0.5269123315811157,0.9431418776512146,0.7495309710502625
gen2_dropout01_valloss,210,9,0.1723879724740982,0.5427923798561096,0.9549823999404907,0.7467166781425476
gen2_dropout01_valloss,210,10,0.14881958067417145,0.5623994469642639,0.9631887674331665,0.7485928535461426
gen2_dropout01_valloss,252,1,0.6789682507514954,0.6583672165870667,0.6385697722434998,0.6360225081443787
gen2_dropout01_valloss,252,2,0.5873290300369263,0.5841791033744812,0.791207492351532,0.7288930416107178
gen2_dropout01_valloss,252,3,0.4670589864253998,0.5314978957176208,0.8426729440689087,0.7589118480682373
gen2_dropout01_valloss,252,4,0.37785306572914124,0.5080578327178955,0.8777256608009338,0.7645403146743774
gen2_dropout01_valloss,252,5,0.31363511085510254,0.5003949403762817,0.8992965817451477,0.7607879638671875
gen2_dropout01_valloss,252,6,0.2648550570011139,0.5041045546531677,0.9181711673736572,0.7607879638671875
gen2_dropout01_valloss,252,7,0.22582346200942993,0.5132375955581665,0.9324735999107361,0.7579737305641174
gen2_dropout01_valloss,252,8,0.19600766897201538,0.5257881283760071,0.9431418776512146,0.7551594972610474
gen2_dropout01_valloss,252,9,0.16759184002876282,0.5447219014167786,0.9562720060348511,0.7542213797569275
gen2_dropout01_valloss,252,10,0.14536496996879578,0.5650208592414856,0.9635404348373413,0.7514071464538574
gen2_dropout01_valloss,314,1,0.678038477897644,0.65687495470047,0.6305978894233704,0.6838648915290833
gen2_dropout01_valloss,314,2,0.5892536044120789,0.5843682289123535,0.7951934337615967,0.7448405027389526
gen2_dropout01_valloss,314,3,0.47039109468460083,0.5328649282455444,0.8477139472961426,0.7570356726646423
gen2_dropout01_valloss,314,4,0.382148414850235,0.5092721581459045,0.8781946301460266,0.7598499059677124
gen2_dropout01_valloss,314,5,0.3160530924797058,0.5016500949859619,0.9009378552436829,0.7598499059677124
gen2_dropout01_valloss,314,6,0.2677633464336395,0.5049712061882019,0.918522834777832,0.7579737305641174
gen2_dropout01_valloss,314,7,0.22759570181369781,0.5129815936088562,0.933997631072998,0.7532833218574524
gen2_dropout01_valloss,314,8,0.1947307586669922,0.5270977020263672,0.9460726976394653,0.7476547956466675
gen2_dropout01_valloss,314,9,0.16947075724601746,0.5447646379470825,0.9532239437103271,0.7504690289497375
gen2_dropout01_valloss,314,10,0.1442757397890091,0.5677429437637329,0.966471254825592,0.7457786202430725
gen2_dropout01_valloss,420,1,0.6773154139518738,0.656823456287384,0.636107861995697,0.6585366129875183
gen2_dropout01_valloss,420,2,0.5833672285079956,0.5828670859336853,0.7963657975196838,0.7345215678215027
gen2_dropout01_valloss,420,3,0.46520495414733887,0.5312587022781372,0.8498241305351257,0.7551594972610474
gen2_dropout01_valloss,420,4,0.3758746385574341,0.5073623061180115,0.879835844039917,0.7645403146743774
gen2_dropout01_valloss,420,5,0.314069926738739,0.5010806322097778,0.9001172184944153,0.7570356726646423
gen2_dropout01_valloss,420,6,0.26498693227767944,0.5041852593421936,0.9181711673736572,0.7589118480682373
gen2_dropout01_valloss,420,7,0.22628669440746307,0.5133844614028931,0.9328253269195557,0.7495309710502625
gen2_dropout01_valloss,420,8,0.19531159102916718,0.5280197262763977,0.9449003338813782,0.7504690289497375
gen2_dropout01_valloss,420,9,0.1678331196308136,0.5449846386909485,0.9563891887664795,0.7504690289497375
gen2_dropout01_valloss,420,10,0.14555233716964722,0.5653327107429504,0.9654161930084229,0.7439024448394775
gen2_dropout03_valloss,7,1,0.685871422290802,0.6733602285385132,0.588159441947937,0.7166979312896729
gen2_dropout03_valloss,7,2,0.6282300353050232,0.6124323010444641,0.7344666123390198,0.7439024448394775
gen2_dropout03_valloss,7,3,0.5232337117195129,0.5539037585258484,0.8105509877204895,0.7523452043533325
gen2_dropout03_valloss,7,4,0.43099871277809143,0.5205564498901367,0.8520515561103821,0.7523452043533325
gen2_dropout03_valloss,7,5,0.36087289452552795,0.5051683783531189,0.878311812877655,0.7560975551605225
gen2_dropout03_valloss,7,6,0.3090325593948364,0.5006148815155029,0.9026963710784912,0.7579737305641174
gen2_dropout03_valloss,7,7,0.26598063111305237,0.5018618702888489,0.9154747724533081,0.7598499059677124
gen2_dropout03_valloss,7,8,0.23006698489189148,0.5091533660888672,0.9298945069313049,0.7504690289497375
gen2_dropout03_valloss,7,9,0.20063374936580658,0.5200345516204834,0.9410316348075867,0.7532833218574524
gen2_dropout03_valloss,7,10,0.17550210654735565,0.5354927778244019,0.9502930641174316,0.7495309710502625
gen2_dropout03_valloss,7,11,0.15384624898433685,0.5507468581199646,0.9570926427841187,0.7476547956466675
gen2_dropout03_valloss,21,1,0.6835496425628662,0.6689819693565369,0.6242672801017761,0.6707317233085632
gen2_dropout03_valloss,21,2,0.6196265816688538,0.6099713444709778,0.7672919034957886,0.7270168662071228
gen2_dropout03_valloss,21,3,0.5178199410438538,0.5536851286888123,0.8187573552131653,0.7429643273353577
gen2_dropout03_valloss,21,4,0.4289516508579254,0.5219537615776062,0.8549824357032776,0.7457786202430725
gen2_dropout03_valloss,21,5,0.3589630424976349,0.5072333812713623,0.880422055721283,0.7485928535461426
gen2_dropout03_valloss,21,6,0.30986782908439636,0.5064558982849121,0.8980070352554321,0.7504690289497375
gen2_dropout03_valloss,21,7,0.26688849925994873,0.5052269697189331,0.9148886203765869,0.7617260813713074
gen2_dropout03_valloss,21,8,0.23431900143623352,0.5121987462043762,0.9281359910964966,0.7532833218574524
gen2_dropout03_valloss,21,9,0.20416904985904694,0.5246177315711975,0.9404454827308655,0.7476547956466675
gen2_dropout03_valloss,21,10,0.1813940405845642,0.5382932424545288,0.9483001232147217,0.7457786202430725
gen2_dropout03_valloss,21,11,0.1592753380537033,0.553035318851471,0.9558030366897583,0.7439024448394775
gen2_dropout03_valloss,21,12,0.14001940190792084,0.573017954826355,0.9631887674331665,0.7392120361328125
gen2_dropout03_valloss,42,1,0.6829517483711243,0.6671668291091919,0.6243845224380493,0.7129455804824829
gen2_dropout03_valloss,42,2,0.6159420013427734,0.6071094870567322,0.7695193290710449,0.7317073345184326
gen2_dropout03_valloss,42,3,0.5164186358451843,0.5513255000114441,0.8157092332839966,0.7607879638671875
gen2_dropout03_valloss,42,4,0.42471548914909363,0.5189927220344543,0.853575587272644,0.7617260813713074
gen2_dropout03_valloss,42,5,0.3554862141609192,0.5037353038787842,0.8794841766357422,0.7636022567749023
gen2_dropout03_valloss,42,6,0.30434730648994446,0.49854913353919983,0.9016412496566772,0.7570356726646423
gen2_dropout03_valloss,42,7,0.2648051679134369,0.501933217048645,0.9162954092025757,0.7551594972610474
gen2_dropout03_valloss,42,8,0.2279415726661682,0.5094048976898193,0.9304806590080261,0.7570356726646423
gen2_dropout03_valloss,42,9,0.1993883103132248,0.519660234451294,0.9415006041526794,0.7551594972610474
gen2_dropout03_valloss,42,10,0.17590810358524323,0.5338016152381897,0.95205157995224,0.7504690289497375
gen2_dropout03_valloss,42,11,0.15309426188468933,0.5517402291297913,0.9599062204360962,0.7504690289497375
gen2_dropout03_valloss,84,1,0.684213399887085,0.6695167422294617,0.596365749835968,0.7420262694358826
gen2_dropout03_valloss,84,2,0.6201894879341125,0.607414722442627,0.7555685639381409,0.7495309710502625
gen2_dropout03_valloss,84,3,0.5166743993759155,0.5514496564865112,0.8182883858680725,0.7476547956466675
gen2_dropout03_valloss,84,4,0.4264431893825531,0.5197133421897888,0.8543962240219116,0.7551594972610474
gen2_dropout03_valloss,84,5,0.35833126306533813,0.5042319297790527,0.8830011487007141,0.7532833218574524
gen2_dropout03_valloss,84,6,0.30656346678733826,0.4985983669757843,0.901055097579956,0.7579737305641174
gen2_dropout03_valloss,84,7,0.26550939679145813,0.5025947093963623,0.9160609841346741,0.7476547956466675
gen2_dropout03_valloss,84,8,0.232482448220253,0.5094770789146423,0.9282532334327698,0.7523452043533325
gen2_dropout03_valloss,84,9,0.2004464715719223,0.5195517539978027,0.9425556659698486,0.7504690289497375
gen2_dropout03_valloss,84,10,0.17713068425655365,0.5344454050064087,0.95205157995224,0.7495309710502625
gen2_dropout03_valloss,84,11,0.15539349615573883,0.5521336197853088,0.9584994316101074,0.7495309710502625
gen2_dropout03_valloss,126,1,0.6837325096130371,0.669110894203186,0.5940210819244385,0.7288930416107178
gen2_dropout03_valloss,126,2,0.61494380235672,0.6009155511856079,0.7689331769943237,0.7354596853256226
gen2_dropout03_valloss,126,3,0.5044957995414734,0.5458036661148071,0.8199296593666077,0.7410881519317627
gen2_dropout03_valloss,126,4,0.419622540473938,0.5167065858840942,0.8543962240219116,0.7514071464538574
gen2_dropout03_valloss,126,5,0.3483550250530243,0.5052342414855957,0.8848769068717957,0.7495309710502625
gen2_dropout03_valloss,126,6,0.3033088147640228,0.5016516447067261,0.8976553082466125,0.7523452043533325
gen2_dropout03_valloss,126,7,0.26235708594322205,0.5052018165588379,0.9162954092025757,0.7523452043533325
gen2_dropout03_valloss,126,8,0.22967849671840668,0.5128528475761414,0.9309495687484741,0.7514071464538574
gen2_dropout03_valloss,126,9,0.20080062747001648,0.5234119892120361,0.9449003338813782,0.7495309710502625
gen2_dropout03_valloss,126,10,0.17726443707942963,0.5373044610023499,0.9480656385421753,0.7485928535461426
gen2_dropout03_valloss,126,11,0.15698429942131042,0.5542614459991455,0.9595544934272766,0.7551594972610474
gen2_dropout03_valloss,168,1,0.6844744086265564,0.6697436571121216,0.5955451130867004,0.6266416311264038
gen2_dropout03_valloss,168,2,0.6184055805206299,0.6065765619277954,0.7563892006874084,0.7382739186286926
gen2_dropout03_valloss,168,3,0.5158723592758179,0.5504775643348694,0.820633053779602,0.7523452043533325
gen2_dropout03_valloss,168,4,0.42812207341194153,0.518462598323822,0.8550996780395508,0.7579737305641174
gen2_dropout03_valloss,168,5,0.3624272346496582,0.5029078722000122,0.8767877817153931,0.7598499059677124
gen2_dropout03_valloss,168,6,0.3103204369544983,0.49801498651504517,0.8969519138336182,0.7570356726646423
gen2_dropout03_valloss,168,7,0.2675055265426636,0.49991124868392944,0.9137163162231445,0.7551594972610474
gen2_dropout03_valloss,168,8,0.2325175702571869,0.5068029761314392,0.9300117492675781,0.7514071464538574
gen2_dropout03_valloss,168,9,0.20583198964595795,0.5177357792854309,0.9393903613090515,0.7542213797569275
gen2_dropout03_valloss,168,10,0.17979061603546143,0.5315624475479126,0.9499413967132568,0.7485928535461426
gen2_dropout03_valloss,168,11,0.15629920363426208,0.545192539691925,0.9573270678520203,0.7504690289497375
gen2_dropout03_valloss,210,1,0.680588960647583,0.6629735231399536,0.6193435192108154,0.6838648915290833
gen2_dropout03_valloss,210,2,0.6075471043586731,0.5976829528808594,0.7641265988349915,0.7485928535461426
gen2_dropout03_valloss,210,3,0.5000547766685486,0.545298159122467,0.8226260542869568,0.7589118480682373
gen2_dropout03_valloss,210,4,0.4122346341609955,0.5164729356765747,0.860844075679779,0.7598499059677124
gen2_dropout03_valloss,210,5,0.3497665524482727,0.504554033279419,0.8806564807891846,0.7589118480682373
gen2_dropout03_valloss,210,6,0.30034056305885315,0.5022889971733093,0.902579128742218,0.7542213797569275
gen2_dropout03_valloss,210,7,0.26290658116340637,0.5066282749176025,0.9192262887954712,0.7570356726646423
gen2_dropout03_valloss,210,8,0.22965338826179504,0.5139263868331909,0.9301289319992065,0.7495309710502625
gen2_dropout03_valloss,210,9,0.20056462287902832,0.5261088609695435,0.9412661194801331,0.7523452043533325
gen2_dropout03_valloss,210,10,0.1768117994070053,0.5392000675201416,0.9511137008666992,0.7448405027389526
gen2_dropout03_valloss,210,11,0.15526080131530762,0.556549072265625,0.9580304622650146,0.7476547956466675
gen2_dropout03_valloss,252,1,0.682013213634491,0.6653577089309692,0.622157096862793,0.6782364249229431
gen2_dropout03_valloss,252,2,0.6117477416992188,0.6056391596794128,0.7713950872421265,0.7129455804824829
gen2_dropout03_valloss,252,3,0.5102163553237915,0.5498744249343872,0.8178194761276245,0.7532833218574524
gen2_dropout03_valloss,252,4,0.42138612270355225,0.5188344717025757,0.8587338924407959,0.7551594972610474
gen2_dropout03_valloss,252,5,0.35312506556510925,0.50447678565979,0.8839390277862549,0.7645403146743774
gen2_dropout03_valloss,252,6,0.30140629410743713,0.5017715096473694,0.9052755236625671,0.7626641392707825
gen2_dropout03_valloss,252,7,0.2595091760158539,0.5034234523773193,0.9177021980285645,0.7617260813713074
gen2_dropout03_valloss,252,8,0.2277933806180954,0.5115741491317749,0.9303634166717529,0.7607879638671875
gen2_dropout03_valloss,252,9,0.19834581017494202,0.5246793031692505,0.9412661194801331,0.7542213797569275
gen2_dropout03_valloss,252,10,0.17449939250946045,0.5400785803794861,0.9493552446365356,0.7514071464538574
gen2_dropout03_valloss,252,11,0.15334010124206543,0.5556716918945312,0.9621336460113525,0.7485928535461426
gen2_dropout03_valloss,314,1,0.6821205615997314,0.6658503413200378,0.6107854843139648,0.6744840741157532
gen2_dropout03_valloss,314,2,0.6137765049934387,0.604428231716156,0.7636576890945435,0.7410881519317627
gen2_dropout03_valloss,314,3,0.5121183395385742,0.5502094626426697,0.82110196352005,0.7579737305641174
gen2_dropout03_valloss,314,4,0.42362695932388306,0.5192127227783203,0.8568581342697144,0.7607879638671875
gen2_dropout03_valloss,314,5,0.3580385744571686,0.5045825839042664,0.8813599348068237,0.7626641392707825
gen2_dropout03_valloss,314,6,0.30823591351509094,0.5024330615997314,0.9003517031669617,0.7570356726646423
gen2_dropout03_valloss,314,7,0.2651926875114441,0.5045974850654602,0.9172332882881165,0.7579737305641174
gen2_dropout03_valloss,314,8,0.23450803756713867,0.5114976763725281,0.9263774752616882,0.7514071464538574
gen2_dropout03_valloss,314,9,0.20441702008247375,0.5229986906051636,0.9405627250671387,0.7504690289497375
gen2_dropout03_valloss,314,10,0.17892098426818848,0.538750410079956,0.9513481855392456,0.7485928535461426
gen2_dropout03_valloss,314,11,0.15756948292255402,0.5554662942886353,0.9576787948608398,0.7448405027389526
gen2_dropout03_valloss,420,1,0.6800561547279358,0.6638823747634888,0.622626006603241,0.6491557359695435
gen2_dropout03_valloss,420,2,0.6049528121948242,0.6002416014671326,0.7698710560798645,0.7251406908035278
gen2_dropout03_valloss,420,3,0.49779659509658813,0.5459820032119751,0.8273153305053711,0.7485928535461426
gen2_dropout03_valloss,420,4,0.41135188937187195,0.515556275844574,0.8580304980278015,0.7645403146743774
gen2_dropout03_valloss,420,5,0.34656521677970886,0.5022488832473755,0.8845251798629761,0.7673546075820923
gen2_dropout03_valloss,420,6,0.2970045506954193,0.49955666065216064,0.9031652808189392,0.7617260813713074
gen2_dropout03_valloss,420,7,0.2572953402996063,0.5031380653381348,0.9161781668663025,0.7560975551605225
gen2_dropout03_valloss,420,8,0.22483110427856445,0.5125510096549988,0.9301289319992065,0.7532833218574524
gen2_dropout03_valloss,420,9,0.1986427754163742,0.5236050486564636,0.942321240901947,0.7495309710502625
gen2_dropout03_valloss,420,10,0.17229017615318298,0.5391722321510315,0.9521688222885132,0.7542213797569275
gen2_dropout03_valloss,420,11,0.15271684527397156,0.5561021566390991,0.9583821892738342,0.7485928535461426
gen2_unigrams_dropout02,7,1,0.649945080280304,0.5953364372253418,0.6781945824623108,0.7373358607292175
gen2_unigrams_dropout02,7,2,0.465160995721817,0.5065904259681702,0.8354044556617737,0.7570356726646423
gen2_unigrams_dropout02,7,3,0.324274480342865,0.48740094900131226,0.8892145156860352,0.7664164900779724
gen2_unigrams_dropout02,7,4,0.2419080138206482,0.498602032661438,0.9193434715270996,0.7626641392707825
gen2_unigrams_dropout02,7,5,0.18418636918067932,0.5216841101646423,0.9457209706306458,0.7579737305641174
gen2_unigrams_dropout02,7,6,0.14367832243442535,0.5514359474182129,0.9629542827606201,0.7551594972610474
gen2_unigrams_dropout02,7,7,0.11300356686115265,0.5821488499641418,0.9733880162239075,0.7514071464538574
gen2_unigrams_dropout02,7,8,0.08995897322893143,0.6166058778762817,0.9811254143714905,0.7514071464538574
gen2_unigrams_dropout02,21,1,0.6535505652427673,0.5990132093429565,0.6776084303855896,0.7260788083076477
gen2_unigrams_dropout02,21,2,0.46829670667648315,0.5072841048240662,0.8361078500747681,0.7542213797569275
gen2_unigrams_dropout02,21,3,0.32370975613594055,0.4881548285484314,0.888159453868866,0.7589118480682373
gen2_unigrams_dropout02,21,4,0.23973341286182404,0.4983794689178467,0.9222743511199951,0.7636022567749023
gen2_unigrams_dropout02,21,5,0.18477892875671387,0.5229894518852234,0.9437280297279358,0.7542213797569275
gen2_unigrams_dropout02,21,6,0.14566415548324585,0.5533178448677063,0.961781919002533,0.7495309710502625
gen2_unigrams_dropout02,21,7,0.115010567009449,0.5874456763267517,0.9715123176574707,0.7476547956466675
gen2_unigrams_dropout02,21,8,0.09011238813400269,0.6260932683944702,0.9811254143714905,0.7495309710502625
gen2_unigrams_dropout02,21,9,0.07342487573623657,0.6719297766685486,0.9874560236930847,0.7429643273353577
gen2_unigrams_dropout02,42,1,0.6536511778831482,0.5983523726463318,0.6864009499549866,0.7288930416107178
gen2_unigrams_dropout02,42,2,0.4689861238002777,0.5071531534194946,0.8366940021514893,0.7598499059677124
gen2_unigrams_dropout02,42,3,0.32529252767562866,0.48565569519996643,0.8894490003585815,0.7645403146743774
gen2_unigrams_dropout02,42,4,0.24255894124507904,0.4957691729068756,0.920046865940094,0.7645403146743774
gen2_unigrams_dropout02,42,5,0.18477046489715576,0.5194767117500305,0.9430246353149414,0.7598499059677124
gen2_unigrams_dropout02,42,6,0.14552870392799377,0.5494063496589661,0.9600234627723694,0.7467166781425476
gen2_unigrams_dropout02,42,7,0.11517886817455292,0.582116425037384,0.9729191064834595,0.7448405027389526
gen2_unigrams_dropout02,42,8,0.09045934677124023,0.6203355193138123,0.9806565046310425,0.7401500940322876
gen2_unigrams_dropout02,84,1,0.6535864472389221,0.5972008109092712,0.676787793636322,0.7448405027389526
gen2_unigrams_dropout02,84,2,0.46831294894218445,0.504635751247406,0.8389214277267456,0.7701688408851624
gen2_unigrams_dropout02,84,3,0.32488909363746643,0.4860900044441223,0.8912075161933899,0.7682926654815674
gen2_unigrams_dropout02,84,4,0.2402566373348236,0.49484214186668396,0.9226260185241699,0.7636022567749023
gen2_unigrams_dropout02,84,5,0.1830565184354782,0.5167497992515564,0.9483001232147217,0.7579737305641174
gen2_unigrams_dropout02,84,6,0.14497780799865723,0.5445365905761719,0.960257887840271,0.7551594972610474
gen2_unigrams_dropout02,84,7,0.11332884430885315,0.5783998966217041,0.9751465320587158,0.7532833218574524
gen2_unigrams_dropout02,84,8,0.09020973742008209,0.6155484318733215,0.9805392622947693,0.7420262694358826
gen2_unigrams_dropout02,126,1,0.6514974236488342,0.595121443271637,0.6806564927101135,0.7354596853256226
gen2_unigrams_dropout02,126,2,0.46383053064346313,0.5058385729789734,0.838100790977478,0.7645403146743774
gen2_unigrams_dropout02,126,3,0.3247029185295105,0.48711293935775757,0.886635422706604,0.7626641392707825
gen2_unigrams_dropout02,126,4,0.24496568739414215,0.49734628200531006,0.9202813506126404,0.7589118480682373
gen2_unigrams_dropout02,126,5,0.18380489945411682,0.5206602215766907,0.9459554553031921,0.7598499059677124
gen2_unigrams_dropout02,126,6,0.144983172416687,0.5480929613113403,0.9601407051086426,0.7598499059677124
gen2_unigrams_dropout02,126,7,0.11407690495252609,0.57844477891922,0.9724501967430115,0.7523452043533325
gen2_unigrams_dropout02,126,8,0.09126728773117065,0.6120293140411377,0.9807737469673157,0.7523452043533325
gen2_unigrams_dropout02,126,9,0.07252850383520126,0.6489169001579285,0.986518144607544,0.7439024448394775
gen2_unigrams_dropout02,126,10,0.05784406512975693,0.6882346868515015,0.9890972971916199,0.7429643273353577
gen2_unigrams_dropout02,126,11,0.04689861834049225,0.7238047122955322,0.992731511592865,0.7467166781425476
gen2_unigrams_dropout02,168,1,0.6522846817970276,0.5976976156234741,0.67889803647995,0.7279549837112427
gen2_unigrams_dropout02,168,2,0.46666577458381653,0.5060204863548279,0.8359906077384949,0.7579737305641174
gen2_unigrams_dropout02,168,3,0.3258090913295746,0.48611563444137573,0.8896834850311279,0.7673546075820923
gen2_unigrams_dropout02,168,4,0.2437102198600769,0.495108425617218,0.920046865940094,0.7701688408851624
gen2_unigrams_dropout02,168,5,0.18846547603607178,0.5161558985710144,0.942321240901947,0.7626641392707825
gen2_unigrams_dropout02,168,6,0.14603428542613983,0.5458075404167175,0.961313009262085,0.7654784321784973
gen2_unigrams_dropout02,168,7,0.11417245119810104,0.5790479183197021,0.9728018641471863,0.7579737305641174
gen2_unigrams_dropout02,168,8,0.09170252084732056,0.6137102842330933,0.9793669581413269,0.7570356726646423
gen2_unigrams_dropout02,168,9,0.074303038418293,0.65110844373703,0.984994113445282,0.7514071464538574
gen2_unigrams_dropout02,210,1,0.64755779504776,0.5907823443412781,0.6773739457130432,0.7363977432250977
gen2_unigrams_dropout02,210,2,0.4606262445449829,0.506661057472229,0.838100790977478,0.7589118480682373
gen2_unigrams_dropout02,210,3,0.3201483488082886,0.48995742201805115,0.8935521841049194,0.7682926654815674
gen2_unigrams_dropout02,210,4,0.23769383132457733,0.5005977749824524,0.9263774752616882,0.7645403146743774
gen2_unigrams_dropout02,210,5,0.18299242854118347,0.5236755013465881,0.9472450017929077,0.7542213797569275
gen2_unigrams_dropout02,210,6,0.14130240678787231,0.5544108152389526,0.9647127985954285,0.7532833218574524
gen2_unigrams_dropout02,210,7,0.110476054251194,0.5876553058624268,0.9758499264717102,0.7457786202430725
gen2_unigrams_dropout02,210,8,0.08882681280374527,0.6232442259788513,0.9812426567077637,0.7439024448394775
gen2_unigrams_dropout02,252,1,0.6518623232841492,0.5950201749801636,0.6852285861968994,0.7420262694358826
gen2_unigrams_dropout02,252,2,0.4646771252155304,0.5037073493003845,0.8389214277267456,0.7636022567749023
gen2_unigrams_dropout02,252,3,0.3229430019855499,0.48553213477134705,0.8932004570960999,0.7682926654815674
gen2_unigrams_dropout02,252,4,0.2412460893392563,0.49604079127311707,0.9189918041229248,0.7682926654815674
gen2_unigrams_dropout02,252,5,0.18330250680446625,0.5186211466789246,0.9473622441291809,0.7607879638671875
gen2_unigrams_dropout02,252,6,0.14309534430503845,0.5480397343635559,0.9624853730201721,0.7551594972610474
gen2_unigrams_dropout02,252,7,0.11241629719734192,0.5832386612892151,0.9723329544067383,0.7617260813713074
gen2_unigrams_dropout02,252,8,0.09132897853851318,0.6164463758468628,0.9801875948905945,0.7485928535461426
gen2_unigrams_dropout02,314,1,0.6524621844291687,0.5942828059196472,0.678311824798584,0.7589118480682373
gen2_unigrams_dropout02,314,2,0.4671967327594757,0.5040016174316406,0.837162971496582,0.7645403146743774
gen2_unigrams_dropout02,314,3,0.3248685598373413,0.48418065905570984,0.8907385468482971,0.7673546075820923
gen2_unigrams_dropout02,314,4,0.2412683516740799,0.49415454268455505,0.9242672920227051,0.7673546075820923
gen2_unigrams_dropout02,314,5,0.18371449410915375,0.5173547863960266,0.9451348185539246,0.7589118480682373
gen2_unigrams_dropout02,314,6,0.14412705600261688,0.5470202565193176,0.9621336460113525,0.7523452043533325
gen2_unigrams_dropout02,314,7,0.11185979843139648,0.5813649892807007,0.9728018641471863,0.7514071464538574
gen2_unigrams_dropout02,314,8,0.08906523138284683,0.617113471031189,0.9815943837165833,0.7420262694358826
gen2_unigrams_dropout02,314,9,0.07114312797784805,0.6551424860954285,0.9871043562889099,0.7392120361328125
gen2_unigrams_dropout02,420,1,0.6499622464179993,0.594226062297821,0.6902696490287781,0.7439024448394775
gen2_unigrams_dropout02,420,2,0.4646375775337219,0.5043194890022278,0.8351699709892273,0.7579737305641174
gen2_unigrams_dropout02,420,3,0.32266589999198914,0.48549240827560425,0.8883938789367676,0.7654784321784973
gen2_unigrams_dropout02,420,4,0.23929224908351898,0.4971841275691986,0.9221571087837219,0.7711069583892822
gen2_unigrams_dropout02,420,5,0.18277890980243683,0.5208926796913147,0.9456037282943726,0.7626641392707825
gen2_unigrams_dropout02,420,6,0.1433212012052536,0.5501675605773926,0.9623681306838989,0.7598499059677124
gen2_unigrams_dropout02,420,7,0.11185915768146515,0.583116888999939,0.9715123176574707,0.7570356726646423
gen2_unigrams_dropout02,420,8,0.08843829482793808,0.6195840835571289,0.982532262802124,0.7551594972610474
gen2_unigrams_dropout02,420,9,0.07091062515974045,0.6569206714630127,0.986518144607544,0.7485928535461426
gen2_unigrams_valloss,7,1,0.647136390209198,0.5865151286125183,0.686049222946167,0.7429643273353577
gen2_unigrams_valloss,7,2,0.44288623332977295,0.4995737373828888,0.8463071584701538,0.7636022567749023
gen2_unigrams_valloss,7,3,0.2974385917186737,0.4888686537742615,0.9003517031669617,0.7636022567749023
gen2_unigrams_valloss,7,4,0.21482740342617035,0.506231963634491,0.9336459636688232,0.7654784321784973
gen2_unigrams_valloss,7,5,0.1603708118200302,0.5361015796661377,0.958264946937561,0.7542213797569275
gen2_unigrams_valloss,7,6,0.1218206062912941,0.5724276304244995,0.9731535911560059,0.7532833218574524
gen2_unigrams_valloss,7,7,0.09365011751651764,0.6123473048210144,0.9808909893035889,0.7467166781425476
gen2_unigrams_valloss,7,8,0.0726328119635582,0.6544405221939087,0.9880421757698059,0.7448405027389526
gen2_unigrams_valloss,21,1,0.6432496905326843,0.5808829665184021,0.6939038634300232,0.7457786202430725
gen2_unigrams_valloss,21,2,0.43516257405281067,0.49719667434692383,0.8500586152076721,0.7589118480682373
gen2_unigrams_valloss,21,3,0.29108914732933044,0.4878288209438324,0.9048065543174744,0.7654784321784973
gen2_unigrams_valloss,21,4,0.20922410488128662,0.5067656636238098,0.937045693397522,0.7617260813713074
gen2_unigrams_valloss,21,5,0.15552833676338196,0.5388288497924805,0.9590855836868286,0.7589118480682373
gen2_unigrams_valloss,21,6,0.1177484393119812,0.5775846242904663,0.9731535911560059,0.7476547956466675
gen2_unigrams_valloss,21,7,0.09025269001722336,0.6199572682380676,0.982532262802124,0.7457786202430725
gen2_unigrams_valloss,21,8,0.06983375549316406,0.6640408635139465,0.9886283874511719,0.7392120361328125
gen2_unigrams_valloss,42,1,0.6452329754829407,0.5840145945549011,0.6878077387809753,0.7420262694358826
gen2_unigrams_valloss,42,2,0.4400785565376282,0.49829474091529846,0.8481828570365906,0.7607879638671875
gen2_unigrams_valloss,42,3,0.2949339747428894,0.4875063896179199,0.9033997654914856,0.7626641392707825
gen2_unigrams_valloss,42,4,0.21219170093536377,0.505276083946228,0.9341148734092712,0.7617260813713074
gen2_unigrams_valloss,42,5,0.15785318613052368,0.5357722640037537,0.9568581581115723,0.7504690289497375
gen2_unigrams_valloss,42,6,0.11949410289525986,0.5722576379776001,0.973739743232727,0.7476547956466675
gen2_unigrams_valloss,42,7,0.09154067188501358,0.6115347743034363,0.9818288683891296,0.7448405027389526
gen2_unigrams_valloss,42,8,0.07080412656068802,0.651983380317688,0.9881594181060791,0.7448405027389526
gen2_unigrams_valloss,84,1,0.6420415043830872,0.577913224697113,0.6799530982971191,0.7495309710502625
gen2_unigrams_valloss,84,2,0.4356847405433655,0.49466314911842346,0.8514654040336609,0.7673546075820923
gen2_unigrams_valloss,84,3,0.29237326979637146,0.48408225178718567,0.9053927063941956,0.7720450162887573
gen2_unigrams_valloss,84,4,0.21035580337047577,0.501034140586853,0.9378663301467896,0.7654784321784973
gen2_unigrams_valloss,84,5,0.1564708799123764,0.5299981832504272,0.959788978099823,0.7598499059677124
gen2_unigrams_valloss,84,6,0.1185196042060852,0.5648853182792664,0.9739742279052734,0.7504690289497375
gen2_unigrams_valloss,84,7,0.09087401628494263,0.6030462384223938,0.9826494455337524,0.7476547956466675
gen2_unigrams_valloss,84,8,0.07030851393938065,0.6429675221443176,0.9889800548553467,0.7429643273353577
gen2_unigrams_valloss,126,1,0.6484542489051819,0.5880990028381348,0.6656506657600403,0.7326453924179077
gen2_unigrams_valloss,126,2,0.443333238363266,0.49978139996528625,0.8521687984466553,0.7664164900779724
gen2_unigrams_valloss,126,3,0.29641300439834595,0.4889369010925293,0.901055097579956,0.7645403146743774
gen2_unigrams_valloss,126,4,0.21320629119873047,0.5072367787361145,0.9351699948310852,0.7673546075820923
gen2_unigrams_valloss,126,5,0.1585751324892044,0.5381385087966919,0.9573270678520203,0.7570356726646423
gen2_unigrams_valloss,126,6,0.12003729492425919,0.5752434730529785,0.973739743232727,0.7495309710502625
gen2_unigrams_valloss,126,7,0.0919816866517067,0.6155182719230652,0.983001172542572,0.7439024448394775
gen2_unigrams_valloss,126,8,0.07118154317140579,0.6574350595474243,0.9885111451148987,0.7429643273353577
gen2_unigrams_valloss,168,1,0.6438420414924622,0.5815752148628235,0.6889800429344177,0.7307692170143127
gen2_unigrams_valloss,168,2,0.43634772300720215,0.4981691241264343,0.847948431968689,0.7692307829856873
gen2_unigrams_valloss,168,3,0.2936604917049408,0.4889935851097107,0.903048038482666,0.7739211916923523
gen2_unigrams_valloss,168,4,0.21206210553646088,0.5069196224212646,0.9358733892440796,0.7636022567749023
gen2_unigrams_valloss,168,5,0.15821760892868042,0.5374932885169983,0.9572098255157471,0.7607879638671875
gen2_unigrams_valloss,168,6,0.12007143348455429,0.5750341415405273,0.9722157120704651,0.7532833218574524
gen2_unigrams_valloss,168,7,0.09216730296611786,0.6163478493690491,0.9813598990440369,0.7485928535461426
gen2_unigrams_valloss,168,8,0.07137537002563477,0.6595149636268616,0.9883939027786255,0.7485928535461426
gen2_unigrams_valloss,210,1,0.6451147198677063,0.5832679867744446,0.6826494932174683,0.7345215678215027
gen2_unigrams_valloss,210,2,0.43857356905937195,0.4993724822998047,0.8498241305351257,0.7636022567749023
gen2_unigrams_valloss,210,3,0.2935238480567932,0.48973348736763,0.9062133431434631,0.7682926654815674
gen2_unigrams_valloss,210,4,0.2110314518213272,0.508328378200531,0.9373974204063416,0.7607879638671875
gen2_unigrams_valloss,210,5,0.15695594251155853,0.5392866134643555,0.9579132199287415,0.7523452043533325
gen2_unigrams_valloss,210,6,0.11878730356693268,0.5762654542922974,0.9726846218109131,0.7495309710502625
gen2_unigrams_valloss,210,7,0.09091830998659134,0.6165561079978943,0.9820632934570312,0.7429643273353577
gen2_unigrams_valloss,210,8,0.07021120190620422,0.6587954163551331,0.9878077507019043,0.7401500940322876
gen2_unigrams_valloss,252,1,0.6457306742668152,0.5863747596740723,0.6760843992233276,0.7532833218574524
gen2_unigrams_valloss,252,2,0.44179975986480713,0.500210702419281,0.8553341031074524,0.7692307829856873
gen2_unigrams_valloss,252,3,0.29537221789360046,0.4910774827003479,0.9043376445770264,0.7636022567749023
gen2_unigrams_valloss,252,4,0.21195058524608612,0.5111352801322937,0.9364595413208008,0.7645403146743774
gen2_unigrams_valloss,252,5,0.1573871523141861,0.5441039800643921,0.9589683413505554,0.7542213797569275
gen2_unigrams_valloss,252,6,0.11898338049650192,0.5839826464653015,0.973270833492279,0.7514071464538574
gen2_unigrams_valloss,252,7,0.09102959930896759,0.6278747320175171,0.9814771413803101,0.7439024448394775
gen2_unigrams_valloss,252,8,0.07028371095657349,0.6742066740989685,0.9879249930381775,0.7392120361328125
gen2_unigrams_valloss,314,1,0.6482993364334106,0.5853426456451416,0.6926143169403076,0.7560975551605225
gen2_unigrams_valloss,314,2,0.44401079416275024,0.4962736964225769,0.8504103422164917,0.7720450162887573
gen2_unigrams_valloss,314,3,0.29732200503349304,0.4850451350212097,0.9019929766654968,0.7664164900779724
gen2_unigrams_valloss,314,4,0.21444198489189148,0.5023859739303589,0.9343493580818176,0.7589118480682373
gen2_unigrams_valloss,314,5,0.1602546125650406,0.532508909702301,0.9550996422767639,0.7560975551605225
gen2_unigrams_valloss,314,6,0.12202417850494385,0.5693947672843933,0.9710433483123779,0.7485928535461426
gen2_unigrams_valloss,314,7,0.09402261674404144,0.610181987285614,0.9817116260528564,0.7420262694358826
gen2_unigrams_valloss,314,8,0.07306842505931854,0.6532333493232727,0.9872215986251831,0.7410881519317627
gen2_unigrams_valloss,420,1,0.6417564749717712,0.5769306421279907,0.6776084303855896,0.7382739186286926
gen2_unigrams_valloss,420,2,0.4342270493507385,0.49463555216789246,0.8481828570365906,0.7673546075820923
gen2_unigrams_valloss,420,3,0.291096031665802,0.48652806878089905,0.9032825231552124,0.7664164900779724
gen2_unigrams_valloss,420,4,0.2091079205274582,0.5054851770401001,0.9363422989845276,0.7701688408851624
gen2_unigrams_valloss,420,5,0.1551344096660614,0.5358560681343079,0.9592028260231018,0.7636022567749023
gen2_unigrams_valloss,420,6,0.1171342208981514,0.5715355277061462,0.973739743232727,0.7589118480682373
gen2_unigrams_valloss,420,7,0.08954785019159317,0.6099785566329956,0.9835873246192932,0.7514071464538574
gen2_unigrams_valloss,420,8,0.06915135681629181,0.64998459815979,0.9880421757698059,0.7457786202430725
