experiment,description,seed,max_tokens,ngrams,normalize_tfidf,hidden_units,parameters,learning_rate,batch_size,epochs_requested,epochs_ran,dropout,l2,train_limit,best_threshold,val_f1_tuned,val_accuracy,val_precision,val_recall,val_f1,optimizer,momentum
e0_baseline,Modelo simple inicial.,7,5000,1,False,"(32,)",160065,0.001,32,12,8,0.0,0.0,all,0.3574056923389435,0.7634124890061567,0.7485928705440901,0.7440147329650092,0.7579737335834896,0.7509293680297398,adam,0.0
e0_baseline,Modelo simple inicial.,21,5000,1,False,"(32,)",160065,0.001,32,12,10,0.0,0.0,all,0.3712204396724701,0.7666666666666667,0.7485928705440901,0.7336860670194003,0.7804878048780488,0.7563636363636363,adam,0.0
e0_baseline,Modelo simple inicial.,42,5000,1,False,"(32,)",160065,0.001,32,12,6,0.0,0.0,all,0.4043381512165069,0.7638190954773869,0.7457786116322702,0.7330960854092526,0.7729831144465291,0.7525114155251141,adam,0.0
e0_baseline,Modelo simple inicial.,84,5000,1,False,"(32,)",160065,0.001,32,12,10,0.0,0.0,all,0.3053112328052521,0.768303186907838,0.7514071294559099,0.7375886524822695,0.7804878048780488,0.7584320875113947,adam,0.0
e0_baseline,Modelo simple inicial.,126,5000,1,False,"(32,)",160065,0.001,32,12,6,0.0,0.0,all,0.4272409081459045,0.760888888888889,0.7551594746716698,0.7677165354330708,0.7317073170731707,0.7492795389048992,adam,0.0
e0_baseline,Modelo simple inicial.,168,5000,1,False,"(32,)",160065,0.001,32,12,7,0.0,0.0,all,0.4087530374526977,0.7699115044247788,0.7523452157598499,0.7523452157598499,0.7523452157598499,0.7523452157598499,adam,0.0
e0_baseline,Modelo simple inicial.,210,5000,1,False,"(32,)",160065,0.001,32,12,8,0.0,0.0,all,0.3985527455806732,0.765017667844523,0.7542213883677298,0.7423971377459749,0.7786116322701688,0.76007326007326,adam,0.0
e0_baseline,Modelo simple inicial.,252,5000,1,False,"(32,)",160065,0.001,32,12,6,0.0,0.0,all,0.4392208755016327,0.7601731601731602,0.7420262664165104,0.7397769516728625,0.7467166979362101,0.7432306255835668,adam,0.0
e0_baseline,Modelo simple inicial.,314,5000,1,False,"(32,)",160065,0.001,32,12,10,0.0,0.0,all,0.3112971782684326,0.7638533674339302,0.7467166979362101,0.7240204429301533,0.797373358348968,0.7589285714285714,adam,0.0
e0_baseline,Modelo simple inicial.,420,5000,1,False,"(32,)",160065,0.001,32,12,10,0.0,0.0,all,0.4184955656528473,0.7690925426774483,0.7542213883677298,0.7441441441441441,0.774859287054409,0.7591911764705882,adam,0.0
e1_linear,Baseline lineal: TF-IDF conectado directamente a la salida.,7,5000,1,False,(),5001,0.001,32,12,12,0.0,0.0,all,0.3088216185569763,0.7736006683375105,0.7467166979362101,0.7573385518590998,0.726078799249531,0.7413793103448276,adam,0.0
e1_linear,Baseline lineal: TF-IDF conectado directamente a la salida.,21,5000,1,False,(),5001,0.001,32,12,12,0.0,0.0,all,0.3039281368255615,0.7670549084858569,0.7514071294559099,0.7607003891050583,0.7335834896810507,0.7468958930276982,adam,0.0
e1_linear,Baseline lineal: TF-IDF conectado directamente a la salida.,42,5000,1,False,(),5001,0.001,32,12,12,0.0,0.0,all,0.2835281491279602,0.7712634186622626,0.7485928705440901,0.7603143418467584,0.726078799249531,0.7428023032629558,adam,0.0
e1_linear,Baseline lineal: TF-IDF conectado directamente a la salida.,84,5000,1,False,(),5001,0.001,32,12,8,0.0,0.0,all,0.4602307081222534,0.7697777777777779,0.7542213883677298,0.7561436672967864,0.7504690431519699,0.7532956685499058,adam,0.0
e1_linear,Baseline lineal: TF-IDF conectado directamente a la salida.,126,5000,1,False,(),5001,0.001,32,12,11,0.0,0.0,all,0.28554567694664,0.7681274900398407,0.7504690431519699,0.7533206831119544,0.7448405253283302,0.7490566037735849,adam,0.0
e1_linear,Baseline lineal: TF-IDF conectado directamente a la salida.,168,5000,1,False,(),5001,0.001,32,12,11,0.0,0.0,all,0.2977817356586456,0.7702371218315617,0.7504690431519699,0.77079107505071,0.7129455909943715,0.7407407407407407,adam,0.0
e1_linear,Baseline lineal: TF-IDF conectado directamente a la salida.,210,5000,1,False,(),5001,0.001,32,12,9,0.0,0.0,all,0.4057974219322204,0.7701543739279588,0.7448405253283302,0.757396449704142,0.7204502814258912,0.7384615384615385,adam,0.0
e1_linear,Baseline lineal: TF-IDF conectado directamente a la salida.,252,5000,1,False,(),5001,0.001,32,12,11,0.0,0.0,all,0.3579195737838745,0.7679324894514767,0.7523452157598499,0.7684630738522954,0.7223264540337712,0.7446808510638298,adam,0.0
e1_linear,Baseline lineal: TF-IDF conectado directamente a la salida.,314,5000,1,False,(),5001,0.001,32,12,8,0.0,0.0,all,0.4645790159702301,0.7713787085514834,0.7542213883677298,0.7477148080438757,0.7673545966228893,0.7574074074074074,adam,0.0
e1_linear,Baseline lineal: TF-IDF conectado directamente a la salida.,420,5000,1,False,(),5001,0.001,32,12,9,0.0,0.0,all,0.4026497602462768,0.7673819742489271,0.7560975609756098,0.7780040733197556,0.7166979362101313,0.74609375,adam,0.0
e2_more_capacity,Mayor capacidad: mas neuronas en una sola capa oculta.,7,5000,1,False,"(128,)",640257,0.001,32,12,11,0.0,0.0,all,0.2145030051469802,0.7689655172413794,0.7560975609756098,0.7424511545293073,0.7842401500938087,0.7627737226277372,adam,0.0
e2_more_capacity,Mayor capacidad: mas neuronas en una sola capa oculta.,21,5000,1,False,"(128,)",640257,0.001,32,12,9,0.0,0.0,all,0.5262476801872253,0.7647593097184379,0.7532833020637899,0.735191637630662,0.7917448405253283,0.7624209575429087,adam,0.0
e2_more_capacity,Mayor capacidad: mas neuronas en una sola capa oculta.,42,5000,1,False,"(128,)",640257,0.001,32,12,6,0.0,0.0,all,0.3677816689014435,0.7699917559769168,0.7439024390243902,0.7313167259786477,0.7711069418386491,0.7506849315068493,adam,0.0
e2_more_capacity,Mayor capacidad: mas neuronas en una sola capa oculta.,84,5000,1,False,"(128,)",640257,0.001,32,12,10,0.0,0.0,all,0.512669026851654,0.7755102040816326,0.7617260787992496,0.7344537815126051,0.8198874296435272,0.774822695035461,adam,0.0
e2_more_capacity,Mayor capacidad: mas neuronas en una sola capa oculta.,126,5000,1,False,"(128,)",640257,0.001,32,12,12,0.0,0.0,all,0.3003396093845367,0.7625113739763422,0.7598499061913696,0.7658349328214972,0.7485928705440901,0.7571157495256167,adam,0.0
e2_more_capacity,Mayor capacidad: mas neuronas en una sola capa oculta.,168,5000,1,False,"(128,)",640257,0.001,32,12,7,0.0,0.0,all,0.3072805106639862,0.7680672268907563,0.7467166979362101,0.7335701598579041,0.774859287054409,0.7536496350364964,adam,0.0
e2_more_capacity,Mayor capacidad: mas neuronas en una sola capa oculta.,210,5000,1,False,"(128,)",640257,0.001,32,12,8,0.0,0.0,all,0.2266701906919479,0.7682008368200837,0.7495309568480301,0.7409420289855072,0.7673545966228893,0.7539170506912443,adam,0.0
e2_more_capacity,Mayor capacidad: mas neuronas en una sola capa oculta.,252,5000,1,False,"(128,)",640257,0.001,32,12,6,0.0,0.0,all,0.3576243221759796,0.7664473684210525,0.7476547842401501,0.7426470588235294,0.7579737335834896,0.7502321262766946,adam,0.0
e2_more_capacity,Mayor capacidad: mas neuronas en una sola capa oculta.,314,5000,1,False,"(128,)",640257,0.001,32,12,9,0.0,0.0,all,0.3864213228225708,0.7707979626485569,0.7467166979362101,0.7145187601957586,0.8217636022514071,0.7643979057591623,adam,0.0
e2_more_capacity,Mayor capacidad: mas neuronas en una sola capa oculta.,420,5000,1,False,"(128,)",640257,0.001,32,12,11,0.0,0.0,all,0.2521006166934967,0.7667238421955404,0.7551594746716698,0.7419928825622776,0.7823639774859287,0.7616438356164383,adam,0.0
e3_dropout_32,Red chica con dropout moderado.,7,5000,1,False,"(32,)",160065,0.001,32,12,7,0.2,0.0,all,0.3780063390731811,0.7698961937716264,0.7542213883677298,0.7532710280373832,0.7560975609756098,0.7546816479400749,adam,0.0
e3_dropout_32,Red chica con dropout moderado.,21,5000,1,False,"(32,)",160065,0.001,32,12,9,0.2,0.0,all,0.2421501576900482,0.768839966130398,0.7551594746716698,0.7518518518518519,0.7617260787992496,0.7567567567567568,adam,0.0
e3_dropout_32,Red chica con dropout moderado.,42,5000,1,False,"(32,)",160065,0.001,32,12,6,0.2,0.0,all,0.4200803339481354,0.7661016949152543,0.7542213883677298,0.7441441441441441,0.774859287054409,0.7591911764705882,adam,0.0
e3_dropout_32,Red chica con dropout moderado.,84,5000,1,False,"(32,)",160065,0.001,32,12,10,0.2,0.0,all,0.3220604360103607,0.7681660899653979,0.7542213883677298,0.7432675044883303,0.776735459662289,0.7596330275229358,adam,0.0
e3_dropout_32,Red chica con dropout moderado.,126,5000,1,False,"(32,)",160065,0.001,32,12,12,0.2,0.0,all,0.1219976395368576,0.7658495350803043,0.7504690431519699,0.7467652495378928,0.7579737335834896,0.7523277467411545,adam,0.0
e3_dropout_32,Red chica con dropout moderado.,168,5000,1,False,"(32,)",160065,0.001,32,12,9,0.2,0.0,all,0.4254071116447449,0.7668202764976959,0.7551594746716698,0.7625482625482626,0.7410881801125704,0.7516650808753568,adam,0.0
e3_dropout_32,Red chica con dropout moderado.,210,5000,1,False,"(32,)",160065,0.001,32,12,10,0.2,0.0,all,0.3519452512264251,0.768,0.7560975609756098,0.7513812154696132,0.7654784240150094,0.758364312267658,adam,0.0
e3_dropout_32,Red chica con dropout moderado.,252,5000,1,False,"(32,)",160065,0.001,32,12,7,0.2,0.0,all,0.3567561507225036,0.7717206132879044,0.7589118198874296,0.7536764705882353,0.7692307692307693,0.7613741875580315,adam,0.0
e3_dropout_32,Red chica con dropout moderado.,314,5000,1,False,"(32,)",160065,0.001,32,12,9,0.2,0.0,all,0.2721305787563324,0.7723440134907251,0.7514071294559099,0.7342657342657343,0.7879924953095685,0.7601809954751131,adam,0.0
e3_dropout_32,Red chica con dropout moderado.,420,5000,1,False,"(32,)",160065,0.001,32,12,10,0.2,0.0,all,0.2628298103809356,0.7752332485156912,0.7570356472795498,0.7411971830985915,0.7898686679174484,0.7647593097184378,adam,0.0
e4_l2_32,Red chica con regularizacion L2.,7,5000,1,False,"(32,)",160065,0.001,32,12,7,0.0,0.0001,all,0.3412259519100189,0.7675021607605877,0.7551594746716698,0.7546816479400749,0.7560975609756098,0.7553889409559512,adam,0.0
e4_l2_32,Red chica con regularizacion L2.,21,5000,1,False,"(32,)",160065,0.001,32,12,11,0.0,0.0001,all,0.3736574351787567,0.7610921501706484,0.7420262664165104,0.7142857142857143,0.8067542213883677,0.7577092511013216,adam,0.0
e4_l2_32,Red chica con regularizacion L2.,42,5000,1,False,"(32,)",160065,0.001,32,12,7,0.0,0.0001,all,0.3354277312755584,0.7628524046434494,0.7439024390243902,0.7338129496402878,0.7654784240150094,0.7493112947658402,adam,0.0
e4_l2_32,Red chica con regularizacion L2.,84,5000,1,False,"(32,)",160065,0.001,32,12,11,0.0,0.0001,all,0.4911409318447113,0.7662222222222221,0.7514071294559099,0.7278911564625851,0.8030018761726079,0.7636039250669046,adam,0.0
e4_l2_32,Red chica con regularizacion L2.,126,5000,1,False,"(32,)",160065,0.001,32,12,6,0.0,0.0001,all,0.3313632011413574,0.7691043549712407,0.7467166979362101,0.7583497053045186,0.724202626641651,0.7408829174664108,adam,0.0
e4_l2_32,Red chica con regularizacion L2.,168,5000,1,False,"(32,)",160065,0.001,32,12,7,0.0,0.0001,all,0.4849596321582794,0.7649769585253456,0.7589118198874296,0.7536764705882353,0.7692307692307693,0.7613741875580315,adam,0.0
e4_l2_32,Red chica con regularizacion L2.,210,5000,1,False,"(32,)",160065,0.001,32,12,8,0.0,0.0001,all,0.3905413150787353,0.7704347826086957,0.7570356472795498,0.7403508771929824,0.7917448405253283,0.7651858567543064,adam,0.0
e4_l2_32,Red chica con regularizacion L2.,252,5000,1,False,"(32,)",160065,0.001,32,12,12,0.0,0.0001,all,0.1015855371952056,0.7643097643097643,0.7476547842401501,0.7453531598513011,0.7523452157598499,0.7488328664799253,adam,0.0
e4_l2_32,Red chica con regularizacion L2.,314,5000,1,False,"(32,)",160065,0.001,32,12,12,0.0,0.0001,all,0.4515440464019775,0.7568042142230026,0.7420262664165104,0.7193877551020408,0.7936210131332082,0.7546833184656556,adam,0.0
e4_l2_32,Red chica con regularizacion L2.,420,5000,1,False,"(32,)",160065,0.001,32,12,12,0.0,0.0001,all,0.4294061362743377,0.7651888341543515,0.7307692307692307,0.6835820895522388,0.8592870544090057,0.7614297589359933,adam,0.0
e5_dropout_128,Red amplia con dropout moderado.,7,5000,1,False,"(128,)",640257,0.001,32,12,11,0.2,0.0,all,0.0945991650223732,0.7661357921207042,0.7589118198874296,0.7527472527472527,0.7711069418386491,0.7618164967562558,adam,0.0
e5_dropout_128,Red amplia con dropout moderado.,21,5000,1,False,"(128,)",640257,0.001,32,12,8,0.2,0.0,all,0.4137337207794189,0.7645478961504029,0.7523452157598499,0.7467889908256881,0.7636022514071295,0.7551020408163265,adam,0.0
e5_dropout_128,Red amplia con dropout moderado.,42,5000,1,False,"(128,)",640257,0.001,32,12,12,0.2,0.0,all,0.3150816857814789,0.7674418604651163,0.7570356472795498,0.7565543071161048,0.7579737335834896,0.7572633552014996,adam,0.0
e5_dropout_128,Red amplia con dropout moderado.,84,5000,1,False,"(128,)",640257,0.001,32,12,9,0.2,0.0,all,0.5051684379577637,0.7678244972577697,0.7589118198874296,0.7446808510638298,0.7879924953095685,0.7657247037374658,adam,0.0
e5_dropout_128,Red amplia con dropout moderado.,126,5000,1,False,"(128,)",640257,0.001,32,12,12,0.2,0.0,all,0.1394582688808441,0.765017667844523,0.7532833020637899,0.7606177606177607,0.7392120075046904,0.7497621313035204,adam,0.0
e5_dropout_128,Red amplia con dropout moderado.,168,5000,1,False,"(128,)",640257,0.001,32,12,7,0.2,0.0,all,0.3136315643787384,0.7750631844987362,0.7542213883677298,0.7459165154264973,0.7711069418386491,0.7583025830258303,adam,0.0
e5_dropout_128,Red amplia con dropout moderado.,210,5000,1,False,"(128,)",640257,0.001,32,12,8,0.2,0.0,all,0.3657951354980469,0.7666955767562881,0.7523452157598499,0.7380530973451327,0.7823639774859287,0.7595628415300546,adam,0.0
e5_dropout_128,Red amplia con dropout moderado.,252,5000,1,False,"(128,)",640257,0.001,32,12,6,0.2,0.0,all,0.362359344959259,0.7724252491694353,0.7551594746716698,0.7527881040892194,0.7598499061913696,0.7563025210084033,adam,0.0
e5_dropout_128,Red amplia con dropout moderado.,314,5000,1,False,"(128,)",640257,0.001,32,12,9,0.2,0.0,all,0.5426727533340454,0.7743634767339772,0.7523452157598499,0.71658615136876,0.8348968105065666,0.7712305025996534,adam,0.0
e5_dropout_128,Red amplia con dropout moderado.,420,5000,1,False,"(128,)",640257,0.001,32,12,10,0.2,0.0,all,0.3334847092628479,0.7777777777777778,0.7579737335834896,0.733446519524618,0.8105065666041276,0.7700534759358288,adam,0.0
e6_l2_128,Red amplia con regularizacion L2.,7,5000,1,False,"(128,)",640257,0.001,32,12,7,0.0,0.0001,all,0.4104155600070953,0.7644991212653778,0.7532833020637899,0.7472527472527473,0.7654784240150094,0.7562557924003707,adam,0.0
e6_l2_128,Red amplia con regularizacion L2.,21,5000,1,False,"(128,)",640257,0.001,32,12,11,0.0,0.0001,all,0.5714432597160339,0.7732406602953954,0.7476547842401501,0.7088607594936709,0.8405253283302064,0.769098712446352,adam,0.0
e6_l2_128,Red amplia con regularizacion L2.,42,5000,1,False,"(128,)",640257,0.001,32,12,7,0.0,0.0001,all,0.2845733761787414,0.7624584717607973,0.7439024390243902,0.7398523985239852,0.7523452157598499,0.746046511627907,adam,0.0
e6_l2_128,Red amplia con regularizacion L2.,84,5000,1,False,"(128,)",640257,0.001,32,12,11,0.0,0.0001,all,0.4671230018138885,0.7728873239436619,0.7542213883677298,0.7277310924369748,0.8123827392120075,0.7677304964539007,adam,0.0
e6_l2_128,Red amplia con regularizacion L2.,126,5000,1,False,"(128,)",640257,0.001,32,12,12,0.0,0.0001,all,0.2824821174144745,0.7579672695951765,0.7429643527204502,0.7252173913043478,0.7823639774859287,0.7527075812274369,adam,0.0
e6_l2_128,Red amplia con regularizacion L2.,168,5000,1,False,"(128,)",640257,0.001,32,12,6,0.0,0.0001,all,0.4435380399227142,0.7622377622377622,0.7495309568480301,0.7392086330935251,0.7711069418386491,0.7548209366391184,adam,0.0
e6_l2_128,Red amplia con regularizacion L2.,210,5000,1,False,"(128,)",640257,0.001,32,12,8,0.0,0.0001,all,0.2503279745578766,0.7661691542288557,0.7467166979362101,0.7225042301184433,0.801125703564728,0.7597864768683275,adam,0.0
e6_l2_128,Red amplia con regularizacion L2.,252,5000,1,False,"(128,)",640257,0.001,32,12,11,0.0,0.0001,all,0.2774901688098907,0.7698744769874476,0.7420262664165104,0.7114754098360656,0.8142589118198874,0.7594050743657043,adam,0.0
e6_l2_128,Red amplia con regularizacion L2.,314,5000,1,False,"(128,)",640257,0.001,32,12,11,0.0,0.0001,all,0.2906941771507263,0.7635135135135136,0.7448405253283302,0.7223168654173765,0.7954971857410882,0.7571428571428571,adam,0.0
e6_l2_128,Red amplia con regularizacion L2.,420,5000,1,False,"(128,)",640257,0.001,32,12,11,0.0,0.0001,all,0.3758919537067413,0.7649122807017544,0.7485928705440901,0.7304347826086957,0.7879924953095685,0.7581227436823105,adam,0.0
e7_combined_128,Configuracion amplia con dropout y L2 del estudio anterior.,7,5000,1,False,"(128,)",640257,0.001,32,12,9,0.5,0.0001,all,0.4753036797046661,0.7699275362318841,0.7579737335834896,0.7477477477477478,0.7786116322701688,0.7628676470588235,adam,0.0
e7_combined_128,Configuracion amplia con dropout y L2 del estudio anterior.,21,5000,1,False,"(128,)",640257,0.001,32,12,8,0.5,0.0001,all,0.4097967445850372,0.7775800711743772,0.7673545966228893,0.7624309392265194,0.776735459662289,0.7695167286245354,adam,0.0
e7_combined_128,Configuracion amplia con dropout y L2 del estudio anterior.,42,5000,1,False,"(128,)",640257,0.001,32,12,7,0.5,0.0001,all,0.4938691258430481,0.7682363804247461,0.7626641651031895,0.7564102564102564,0.774859287054409,0.7655236329935126,adam,0.0
e7_combined_128,Configuracion amplia con dropout y L2 del estudio anterior.,84,5000,1,False,"(128,)",640257,0.001,32,12,11,0.5,0.0001,all,0.1874648630619049,0.7688483844241922,0.7551594746716698,0.7419928825622776,0.7823639774859287,0.7616438356164383,adam,0.0
e7_combined_128,Configuracion amplia con dropout y L2 del estudio anterior.,126,5000,1,False,"(128,)",640257,0.001,32,12,6,0.5,0.0001,all,0.3911283612251282,0.7557117750439366,0.7598499061913696,0.790356394129979,0.7073170731707317,0.7465346534653465,adam,0.0
e7_combined_128,Configuracion amplia con dropout y L2 del estudio anterior.,168,5000,1,False,"(128,)",640257,0.001,32,12,6,0.5,0.0001,all,0.4464562833309173,0.7709593777009508,0.7495309568480301,0.7366548042704626,0.776735459662289,0.7561643835616438,adam,0.0
e7_combined_128,Configuracion amplia con dropout y L2 del estudio anterior.,210,5000,1,False,"(128,)",640257,0.001,32,12,9,0.5,0.0001,all,0.3868739902973175,0.7701754385964912,0.7570356472795498,0.7446428571428572,0.7823639774859287,0.7630375114364135,adam,0.0
e7_combined_128,Configuracion amplia con dropout y L2 del estudio anterior.,252,5000,1,False,"(128,)",640257,0.001,32,12,12,0.5,0.0001,all,0.2048217803239822,0.7666385846672282,0.7467166979362101,0.736936936936937,0.7673545966228893,0.7518382352941176,adam,0.0
e7_combined_128,Configuracion amplia con dropout y L2 del estudio anterior.,314,5000,1,False,"(128,)",640257,0.001,32,12,12,0.5,0.0001,all,0.2911882102489471,0.7650551314673452,0.7457786116322702,0.7220338983050848,0.799249530956848,0.7586821015138023,adam,0.0
e7_combined_128,Configuracion amplia con dropout y L2 del estudio anterior.,420,5000,1,False,"(128,)",640257,0.001,32,12,12,0.5,0.0001,all,0.3748757541179657,0.772207563764292,0.7570356472795498,0.7437722419928826,0.7842401500938087,0.7634703196347032,adam,0.0
e8_linear_bigrams,"Baseline lineal con unigramas, bigramas y normalizacion L2.",7,10000,2,True,(),10001,0.001,32,12,11,0.0,0.0,all,0.4929934740066528,0.7604251839738349,0.7467166979362101,0.751434034416826,0.7373358348968105,0.7443181818181818,adam,0.0
e8_linear_bigrams,"Baseline lineal con unigramas, bigramas y normalizacion L2.",21,10000,2,True,(),10001,0.001,32,12,12,0.0,0.0,all,0.4937198460102081,0.761986301369863,0.7514071294559099,0.7596899224806202,0.7354596622889306,0.7473784556720686,adam,0.0
e8_linear_bigrams,"Baseline lineal con unigramas, bigramas y normalizacion L2.",42,10000,2,True,(),10001,0.001,32,12,12,0.0,0.0,all,0.4912856817245483,0.7601957585644372,0.7504690431519699,0.7572254335260116,0.7373358348968105,0.747148288973384,adam,0.0
e8_linear_bigrams,"Baseline lineal con unigramas, bigramas y normalizacion L2.",84,10000,2,True,(),10001,0.001,32,12,12,0.0,0.0,all,0.4807853400707245,0.761904761904762,0.7363977485928705,0.7614107883817427,0.6885553470919324,0.723152709359606,adam,0.0
e8_linear_bigrams,"Baseline lineal con unigramas, bigramas y normalizacion L2.",126,10000,2,True,(),10001,0.001,32,12,8,0.0,0.0,all,0.499720811843872,0.7630252100840337,0.7363977485928705,0.6956521739130435,0.8405253283302064,0.7612574341546304,adam,0.0
e8_linear_bigrams,"Baseline lineal con unigramas, bigramas y normalizacion L2.",168,10000,2,True,(),10001,0.001,32,12,12,0.0,0.0,all,0.4806293547153473,0.7633087633087633,0.7279549718574109,0.7694013303769401,0.651031894934334,0.7052845528455285,adam,0.0
e8_linear_bigrams,"Baseline lineal con unigramas, bigramas y normalizacion L2.",210,10000,2,True,(),10001,0.001,32,12,12,0.0,0.0,all,0.4849853217601776,0.7636363636363637,0.7363977485928705,0.7592592592592593,0.6923076923076923,0.7242394504416094,adam,0.0
e8_linear_bigrams,"Baseline lineal con unigramas, bigramas y normalizacion L2.",252,10000,2,True,(),10001,0.001,32,12,12,0.0,0.0,all,0.483831912279129,0.7612797374897458,0.7363977485928705,0.7614107883817427,0.6885553470919324,0.723152709359606,adam,0.0
e8_linear_bigrams,"Baseline lineal con unigramas, bigramas y normalizacion L2.",314,10000,2,True,(),10001,0.001,32,12,12,0.0,0.0,all,0.4863107800483703,0.7587354409317805,0.7326454033771107,0.7583333333333333,0.6829268292682927,0.7186574531095755,adam,0.0
e8_linear_bigrams,"Baseline lineal con unigramas, bigramas y normalizacion L2.",420,10000,2,True,(),10001,0.001,32,12,12,0.0,0.0,all,0.4877767562866211,0.7585089141004862,0.7410881801125704,0.7554671968190855,0.7129455909943715,0.7335907335907336,adam,0.0
e9_mlp32_bigrams,"MLP chica con unigramas, bigramas y normalizacion L2.",7,10000,2,True,"(32,)",320065,0.001,32,12,10,0.0,0.0,all,0.383780300617218,0.7721943048576214,0.7598499061913696,0.7699805068226121,0.7410881801125704,0.7552581261950286,adam,0.0
e9_mlp32_bigrams,"MLP chica con unigramas, bigramas y normalizacion L2.",21,10000,2,True,"(32,)",320065,0.001,32,12,12,0.0,0.0,all,0.3247973024845123,0.7690987124463521,0.7523452157598499,0.7784679089026915,0.7054409005628518,0.7401574803149606,adam,0.0
e9_mlp32_bigrams,"MLP chica con unigramas, bigramas y normalizacion L2.",42,10000,2,True,"(32,)",320065,0.001,32,12,8,0.0,0.0,all,0.485125869512558,0.7732142857142856,0.7626641651031895,0.7491103202846975,0.7898686679174484,0.7689497716894977,adam,0.0
e9_mlp32_bigrams,"MLP chica con unigramas, bigramas y normalizacion L2.",84,10000,2,True,"(32,)",320065,0.001,32,12,6,0.0,0.0,all,0.4909893572330475,0.7653910149750416,0.7448405253283302,0.7412199630314233,0.7523452157598499,0.7467411545623837,adam,0.0
e9_mlp32_bigrams,"MLP chica con unigramas, bigramas y normalizacion L2.",126,10000,2,True,"(32,)",320065,0.001,32,12,11,0.0,0.0,all,0.3193783462047577,0.7691029900332225,0.7570356472795498,0.7854166666666667,0.7073170731707317,0.7443237907206318,adam,0.0
e9_mlp32_bigrams,"MLP chica con unigramas, bigramas y normalizacion L2.",168,10000,2,True,"(32,)",320065,0.001,32,12,8,0.0,0.0,all,0.4689058661460876,0.7720524017467248,0.7570356472795498,0.7527675276752768,0.7654784240150094,0.7590697674418605,adam,0.0
e9_mlp32_bigrams,"MLP chica con unigramas, bigramas y normalizacion L2.",210,10000,2,True,"(32,)",320065,0.001,32,12,8,0.0,0.0,all,0.495033860206604,0.7762803234501348,0.7617260787992496,0.7451669595782073,0.7954971857410882,0.7695099818511797,adam,0.0
e9_mlp32_bigrams,"MLP chica con unigramas, bigramas y normalizacion L2.",252,10000,2,True,"(32,)",320065,0.001,32,12,8,0.0,0.0,all,0.4887981712818146,0.7756849315068493,0.7542213883677298,0.7217675941080196,0.8273921200750469,0.7709790209790209,adam,0.0
e9_mlp32_bigrams,"MLP chica con unigramas, bigramas y normalizacion L2.",314,10000,2,True,"(32,)",320065,0.001,32,12,8,0.0,0.0,all,0.4543443024158478,0.7744107744107743,0.7636022514071295,0.750445632798574,0.7898686679174484,0.7696526508226691,adam,0.0
e9_mlp32_bigrams,"MLP chica con unigramas, bigramas y normalizacion L2.",420,10000,2,True,"(32,)",320065,0.001,32,12,8,0.0,0.0,all,0.4437887966632843,0.7747298420615129,0.7626641651031895,0.7517985611510791,0.7842401500938087,0.7676767676767676,adam,0.0
sgd_no_momentum,SGD sin momentum.,7,5000,1,False,"(32,)",160065,0.01,32,20,19,0.0,0.0,all,0.4975375533103943,0.7602627257799672,0.725140712945591,0.6759530791788856,0.8649155722326454,0.7588477366255144,sgd,0.0
sgd_no_momentum,SGD sin momentum.,21,5000,1,False,"(32,)",160065,0.01,32,20,20,0.0,0.0,all,0.4609977900981903,0.7640845070422536,0.7476547842401501,0.726027397260274,0.7954971857410882,0.7591763652641003,sgd,0.0
sgd_no_momentum,SGD sin momentum.,42,5000,1,False,"(32,)",160065,0.01,32,20,20,0.0,0.0,all,0.28660476207733154,0.7510766580534022,0.7335834896810507,0.7588357588357588,0.6848030018761726,0.7199211045364892,sgd,0.0
sgd_no_momentum,SGD sin momentum.,84,5000,1,False,"(32,)",160065,0.01,32,20,11,0.0,0.0,all,0.3843604028224945,0.7438423645320197,0.724202626641651,0.732943469785575,0.7054409005628518,0.7189292543021033,sgd,0.0
sgd_no_momentum,SGD sin momentum.,126,5000,1,False,"(32,)",160065,0.01,32,20,6,0.0,0.0,all,0.3915141820907593,0.6700443318556047,0.550656660412758,0.5386819484240688,0.7054409005628518,0.6108854589764419,sgd,0.0
sgd_no_momentum,SGD sin momentum.,168,5000,1,False,"(32,)",160065,0.01,32,20,20,0.0,0.0,all,0.18025514483451843,0.7528455284552845,0.7307692307692307,0.7709251101321586,0.6566604127579737,0.7092198581560284,sgd,0.0
sgd_no_momentum,SGD sin momentum.,210,5000,1,False,"(32,)",160065,0.01,32,20,18,0.0,0.0,all,0.4344240725040436,0.757201646090535,0.7317073170731707,0.6976,0.8180112570356473,0.7530224525043178,sgd,0.0
sgd_no_momentum,SGD sin momentum.,252,5000,1,False,"(32,)",160065,0.01,32,20,18,0.0,0.0,all,0.25856900215148926,0.7467532467532467,0.7307692307692307,0.7392996108949417,0.7129455909943715,0.725883476599809,sgd,0.0
sgd_no_momentum,SGD sin momentum.,314,5000,1,False,"(32,)",160065,0.01,32,20,19,0.0,0.0,all,0.5257514715194702,0.7576509511993383,0.7204502814258912,0.6695526695526696,0.8705440900562852,0.7569331158238173,sgd,0.0
sgd_no_momentum,SGD sin momentum.,420,5000,1,False,"(32,)",160065,0.01,32,20,20,0.0,0.0,all,0.5006290674209595,0.7719897523484202,0.7495309568480301,0.7084639498432602,0.8480300187617261,0.7719897523484202,sgd,0.0
sgd_momentum_09,SGD con momentum 0.9.,7,5000,1,False,"(32,)",160065,0.01,32,20,17,0.0,0.0,all,0.4138835668563843,0.763888888888889,0.7485928705440901,0.7257240204429302,0.799249530956848,0.7607142857142857,sgd,0.9
sgd_momentum_09,SGD con momentum 0.9.,21,5000,1,False,"(32,)",160065,0.01,32,20,11,0.0,0.0,all,0.43885722756385803,0.7606614447345518,0.7410881801125704,0.7266313932980599,0.7729831144465291,0.7490909090909091,sgd,0.9
sgd_momentum_09,SGD con momentum 0.9.,42,5000,1,False,"(32,)",160065,0.01,32,20,11,0.0,0.0,all,0.3973691165447235,0.7548117154811715,0.7204502814258912,0.7001703577512777,0.7711069418386491,0.7339285714285714,sgd,0.9
sgd_momentum_09,SGD con momentum 0.9.,84,5000,1,False,"(32,)",160065,0.01,32,20,8,0.0,0.0,all,0.4239277243614197,0.7627530364372468,0.7288930581613509,0.6865443425076453,0.8424015009380863,0.7565290648694187,sgd,0.9
sgd_momentum_09,SGD con momentum 0.9.,126,5000,1,False,"(32,)",160065,0.01,32,20,12,0.0,0.0,all,0.48072656989097595,0.7329401853411963,0.698874296435272,0.6677215189873418,0.7917448405253283,0.7244635193133048,sgd,0.9
sgd_momentum_09,SGD con momentum 0.9.,168,5000,1,False,"(32,)",160065,0.01,32,20,11,0.0,0.0,all,0.32426509261131287,0.7569331158238173,0.7317073170731707,0.7103918228279387,0.7823639774859287,0.7446428571428572,sgd,0.9
sgd_momentum_09,SGD con momentum 0.9.,210,5000,1,False,"(32,)",160065,0.01,32,20,9,0.0,0.0,all,0.650897741317749,0.7532023911187019,0.7063789868667918,0.6510989010989011,0.8893058161350844,0.7517842981760507,sgd,0.9
sgd_momentum_09,SGD con momentum 0.9.,252,5000,1,False,"(32,)",160065,0.01,32,20,15,0.0,0.0,all,0.49244362115859985,0.7688483844241922,0.7382739212007504,0.6906906906906907,0.8630393996247655,0.7673060884070059,sgd,0.9
sgd_momentum_09,SGD con momentum 0.9.,314,5000,1,False,"(32,)",160065,0.01,32,20,7,0.0,0.0,all,0.5148062705993652,0.7428571428571429,0.6932457786116323,0.6446629213483146,0.8611632270168855,0.7373493975903614,sgd,0.9
sgd_momentum_09,SGD con momentum 0.9.,420,5000,1,False,"(32,)",160065,0.01,32,20,8,0.0,0.0,all,0.5265305042266846,0.757396449704142,0.7176360225140713,0.6710914454277286,0.8536585365853658,0.7514450867052023,sgd,0.9
sgd_lr_low,SGD con momentum 0.9 y learning rate menor.,7,5000,1,False,"(32,)",160065,0.001,32,20,20,0.0,0.0,all,0.41657277941703796,0.7616624257845632,0.7401500938086304,0.7162162162162162,0.7954971857410882,0.7537777777777778,sgd,0.9
sgd_lr_low,SGD con momentum 0.9 y learning rate menor.,21,5000,1,False,"(32,)",160065,0.001,32,20,17,0.0,0.0,all,0.2676163911819458,0.755592377796189,0.7485928705440901,0.7720739219712526,0.7054409005628518,0.7372549019607844,sgd,0.9
sgd_lr_low,SGD con momentum 0.9 y learning rate menor.,42,5000,1,False,"(32,)",160065,0.001,32,20,20,0.0,0.0,all,0.3598107397556305,0.7530224525043178,0.7467166979362101,0.7485822306238186,0.7429643527204502,0.7457627118644068,sgd,0.9
sgd_lr_low,SGD con momentum 0.9 y learning rate menor.,84,5000,1,False,"(32,)",160065,0.001,32,20,16,0.0,0.0,all,0.37006980180740356,0.7591973244147157,0.7392120075046904,0.7401129943502824,0.7373358348968105,0.7387218045112782,sgd,0.9
sgd_lr_low,SGD con momentum 0.9 y learning rate menor.,126,5000,1,False,"(32,)",160065,0.001,32,20,18,0.0,0.0,all,0.45780110359191895,0.7586206896551725,0.7270168855534709,0.6855828220858896,0.8386491557223265,0.7544303797468355,sgd,0.9
sgd_lr_low,SGD con momentum 0.9 y learning rate menor.,168,5000,1,False,"(32,)",160065,0.001,32,20,20,0.0,0.0,all,0.5276691317558289,0.7629046369203849,0.7401500938086304,0.7044728434504792,0.8273921200750469,0.7610008628127696,sgd,0.9
sgd_lr_low,SGD con momentum 0.9 y learning rate menor.,210,5000,1,False,"(32,)",160065,0.001,32,20,15,0.0,0.0,all,0.303557425737381,0.7531172069825436,0.7335834896810507,0.7525354969574036,0.6960600375234521,0.723196881091618,sgd,0.9
sgd_lr_low,SGD con momentum 0.9 y learning rate menor.,252,5000,1,False,"(32,)",160065,0.001,32,20,20,0.0,0.0,all,0.1493101865053177,0.7444168734491314,0.7345215759849906,0.775330396475771,0.6604127579737336,0.713272543059777,sgd,0.9
sgd_lr_low,SGD con momentum 0.9 y learning rate menor.,314,5000,1,False,"(32,)",160065,0.001,32,20,20,0.0,0.0,all,0.49112385511398315,0.7592752372735116,0.7373358348968105,0.7037037037037037,0.8198874296435272,0.75736568457539,sgd,0.9
sgd_lr_low,SGD con momentum 0.9 y learning rate menor.,420,5000,1,False,"(32,)",160065,0.001,32,20,17,0.0,0.0,all,0.5016862154006958,0.7683429513602639,0.7363977485928705,0.6852941176470588,0.874296435272045,0.7683429513602638,sgd,0.9
sgd_lr_high,SGD con momentum 0.9 y learning rate mayor.,7,5000,1,False,"(32,)",160065,0.1,32,20,11,0.0,0.0,all,0.47393497824668884,0.6913746630727763,0.5694183864915572,0.5391120507399577,0.9568480300187617,0.6896551724137931,sgd,0.9
sgd_lr_high,SGD con momentum 0.9 y learning rate mayor.,21,5000,1,False,"(32,)",160065,0.1,32,20,6,0.0,0.0,all,0.4546082615852356,0.685754189944134,0.5806754221388368,0.550351288056206,0.8818011257035647,0.6777217015140591,sgd,0.9
sgd_lr_high,SGD con momentum 0.9 y learning rate mayor.,42,5000,1,False,"(32,)",160065,0.1,32,20,6,0.0,0.0,all,0.45593997836112976,0.6804925469863903,0.5478424015009381,0.7428571428571429,0.14634146341463414,0.2445141065830721,sgd,0.9
sgd_lr_high,SGD con momentum 0.9 y learning rate mayor.,84,5000,1,False,"(32,)",160065,0.1,32,20,8,0.0,0.0,all,0.5107202529907227,0.6811023622047243,0.5431519699812383,0.5231854838709677,0.9737335834896811,0.680655737704918,sgd,0.9
sgd_lr_high,SGD con momentum 0.9 y learning rate mayor.,126,5000,1,False,"(32,)",160065,0.1,32,20,6,0.0,0.0,all,0.5424315929412842,0.6823371390194762,0.5272045028142589,0.5143422354104846,0.975609756097561,0.6735751295336787,sgd,0.9
sgd_lr_high,SGD con momentum 0.9 y learning rate mayor.,168,5000,1,False,"(32,)",160065,0.1,32,20,7,0.0,0.0,all,0.4944600462913513,0.683862433862434,0.550656660412758,0.5276073619631901,0.9681050656660413,0.6829913964262078,sgd,0.9
sgd_lr_high,SGD con momentum 0.9 y learning rate mayor.,210,5000,1,False,"(32,)",160065,0.1,32,20,9,0.0,0.0,all,0.5067951679229736,0.6873676781933662,0.5825515947467167,0.5496613995485328,0.9136960600375235,0.6863988724453841,sgd,0.9
sgd_lr_high,SGD con momentum 0.9 y learning rate mayor.,252,5000,1,False,"(32,)",160065,0.1,32,20,10,0.0,0.0,all,0.6891693472862244,0.7038690476190477,0.6078799249530957,0.5667828106852497,0.9155722326454033,0.7001434720229556,sgd,0.9
sgd_lr_high,SGD con momentum 0.9 y learning rate mayor.,314,5000,1,False,"(32,)",160065,0.1,32,20,6,0.0,0.0,all,0.5517840385437012,0.7074601844090528,0.5684803001876173,0.5396308360477742,0.9324577861163227,0.6836313617606602,sgd,0.9
sgd_lr_high,SGD con momentum 0.9 y learning rate mayor.,420,5000,1,False,"(32,)",160065,0.1,32,20,15,0.0,0.0,all,0.36171895265579224,0.6854521625163826,0.549718574108818,0.5267947421638018,0.9774859287054409,0.6846254927726675,sgd,0.9
sgd_dropout,SGD con momentum 0.9 y dropout 0.2.,7,5000,1,False,"(32,)",160065,0.01,32,20,12,0.2,0.0,all,0.42909926176071167,0.743103448275862,0.7467166979362101,0.7593688362919132,0.7223264540337712,0.7403846153846154,sgd,0.9
sgd_dropout,SGD con momentum 0.9 y dropout 0.2.,21,5000,1,False,"(32,)",160065,0.01,32,20,7,0.2,0.0,all,0.4266902506351471,0.7275693311582381,0.7073170731707317,0.7088846880907372,0.7035647279549718,0.7062146892655368,sgd,0.9
sgd_dropout,SGD con momentum 0.9 y dropout 0.2.,42,5000,1,False,"(32,)",160065,0.01,32,20,10,0.2,0.0,all,0.48000046610832214,0.7193133047210301,0.7035647279549718,0.6893542757417103,0.7410881801125704,0.7142857142857143,sgd,0.9
sgd_dropout,SGD con momentum 0.9 y dropout 0.2.,84,5000,1,False,"(32,)",160065,0.01,32,20,10,0.2,0.0,all,0.490348756313324,0.7414548641542507,0.7213883677298312,0.7041522491349481,0.7636022514071295,0.7326732673267327,sgd,0.9
sgd_dropout,SGD con momentum 0.9 y dropout 0.2.,126,5000,1,False,"(32,)",160065,0.01,32,20,8,0.2,0.0,all,0.5044925212860107,0.7322404371584699,0.6744840525328331,0.623342175066313,0.8818011257035647,0.7303807303807304,sgd,0.9
sgd_dropout,SGD con momentum 0.9 y dropout 0.2.,168,5000,1,False,"(32,)",160065,0.01,32,20,11,0.2,0.0,all,0.514934778213501,0.7450643776824034,0.7120075046904315,0.6712121212121213,0.8311444652908068,0.7426655490360435,sgd,0.9
sgd_dropout,SGD con momentum 0.9 y dropout 0.2.,210,5000,1,False,"(32,)",160065,0.01,32,20,13,0.2,0.0,all,0.39972829818725586,0.7426655490360436,0.7317073170731707,0.7370441458733206,0.7204502814258912,0.7286527514231499,sgd,0.9
sgd_dropout,SGD con momentum 0.9 y dropout 0.2.,252,5000,1,False,"(32,)",160065,0.01,32,20,14,0.2,0.0,all,0.6286280751228333,0.7371007371007371,0.648217636022514,0.5975308641975309,0.9080675422138836,0.7207743857036486,sgd,0.9
sgd_dropout,SGD con momentum 0.9 y dropout 0.2.,314,5000,1,False,"(32,)",160065,0.01,32,20,14,0.2,0.0,all,0.539594292640686,0.7371048252911814,0.6885553470919324,0.6413502109704642,0.8555347091932458,0.7331189710610932,sgd,0.9
sgd_dropout,SGD con momentum 0.9 y dropout 0.2.,420,5000,1,False,"(32,)",160065,0.01,32,20,16,0.2,0.0,all,0.507790207862854,0.7446626814688301,0.7157598499061913,0.6791277258566978,0.8180112570356473,0.7421276595744681,sgd,0.9
sgd_l2,SGD con momentum 0.9 y regularizacion L2.,7,5000,1,False,"(32,)",160065,0.01,32,20,12,0.0,0.0001,all,0.31952357292175293,0.7623682076236822,0.7439024390243902,0.75390625,0.724202626641651,0.738755980861244,sgd,0.9
sgd_l2,SGD con momentum 0.9 y regularizacion L2.,21,5000,1,False,"(32,)",160065,0.01,32,20,12,0.0,0.0001,all,0.5142353177070618,0.7512776831345827,0.7213883677298312,0.6820987654320988,0.8292682926829268,0.7485182049110923,sgd,0.9
sgd_l2,SGD con momentum 0.9 y regularizacion L2.,42,5000,1,False,"(32,)",160065,0.01,32,20,11,0.0,0.0001,all,0.49736288189888,0.7255956956187548,0.6641651031894934,0.6143790849673203,0.8818011257035647,0.724191063174114,sgd,0.9
sgd_l2,SGD con momentum 0.9 y regularizacion L2.,84,5000,1,False,"(32,)",160065,0.01,32,20,9,0.0,0.0001,all,0.47254133224487305,0.7652892561983471,0.7307692307692307,0.6852409638554217,0.8536585365853658,0.7602339181286549,sgd,0.9
sgd_l2,SGD con momentum 0.9 y regularizacion L2.,126,5000,1,False,"(32,)",160065,0.01,32,20,9,0.0,0.0001,all,0.6131830215454102,0.7376664056382145,0.6350844277673546,0.583916083916084,0.9399624765478424,0.7203450754852624,sgd,0.9
sgd_l2,SGD con momentum 0.9 y regularizacion L2.,168,5000,1,False,"(32,)",160065,0.01,32,20,19,0.0,0.0001,all,0.5096269845962524,0.7632263660017345,0.7410881801125704,0.7062600321027287,0.8255159474671669,0.7612456747404844,sgd,0.9
sgd_l2,SGD con momentum 0.9 y regularizacion L2.,210,5000,1,False,"(32,)",160065,0.01,32,20,9,0.0,0.0001,all,0.5700408220291138,0.7626527050610821,0.7288930581613509,0.682089552238806,0.8574108818011257,0.7597672485453034,sgd,0.9
sgd_l2,SGD con momentum 0.9 y regularizacion L2.,252,5000,1,False,"(32,)",160065,0.01,32,20,10,0.0,0.0001,all,0.3458552658557892,0.7568464730290458,0.7485928705440901,0.7743271221532091,0.701688555347092,0.7362204724409449,sgd,0.9
sgd_l2,SGD con momentum 0.9 y regularizacion L2.,314,5000,1,False,"(32,)",160065,0.01,32,20,10,0.0,0.0001,all,0.4432249069213867,0.7518307567127748,0.7185741088180112,0.6773211567732116,0.8348968105065666,0.7478991596638656,sgd,0.9
sgd_l2,SGD con momentum 0.9 y regularizacion L2.,420,5000,1,False,"(32,)",160065,0.01,32,20,11,0.0,0.0001,all,0.5231611728668213,0.7620719929762949,0.7345215759849906,0.6990445859872612,0.8236397748592871,0.756244616709733,sgd,0.9
